t=0 000000 181100 181100 000000 000000 000000 1f1500 1f1500 000000 000000 000000 000000 000000 000000 000000 000000 000000 000000 000000 000000 000000 000000 000000 000000 000000 000000 000000 000000 000000 000000 000000 000000 000000 000000 000000 000000 000000 000000 000000 000000 000000 000000 000000 000000 000000 000000 000000 000000 000000 000000 000000 000000 000000 000000 000000 000000 000000 000000 000000 000000 000000 000000 000000 000000 000000 000000 000000 000000 000000 000000 000000 000000 000000 000000
t=5 000000 211700 211700 000000 000000 000000 281b00 281b00 000000 000000 000000 000000 000000 000000 000000 000000 000000 000000 000000 000000 000000 000000 000000 000000 000000 000000 000000 000000 000000 000000 000000 000000 000000 000000 000000 000000 000000 000000 000000 000000 000000 000000 000000 000000 000000 000000 000000 000000 000000 000000 000000 000000 000000 000000 000000 000000 000000 000000 000000 000000 000000 000000 000000 000000 000000 000000 000000 000000 000000 000000 000000 000000 000000 000000
t=10 000000 2a1d00 2a1d00 000000 000000 000000 312100 312100 000000 000000 000000 000000 000000 000000 000000 000000 000000 000000 000000 000000 000000 000000 000000 000000 000000 000000 000000 000000 000000 000000 000000 000000 000000 000000 000000 000000 000000 000000 000000 000000 000000 000000 000000 000000 000000 000000 000000 000000 000000 000000 000000 000000 000000 000000 000000 000000 000000 000000 000000 000000 000000 000000 000000 000000 000000 000000 000000 000000 000000 000000 000000 000000 000000 000000
t=15 000000 332400 332400 000000 000000 000000 3a2700 3a2700 000000 000000 000000 000000 000000 000000 000000 000000 000000 000000 000000 000000 000000 000000 000000 000000 000000 000000 000000 000000 000000 000000 000000 000000 000000 000000 000000 000000 000000 000000 000000 000000 000000 000000 000000 000000 000000 000000 000000 000000 000000 000000 000000 000000 000000 000000 000000 000000 000000 000000 000000 000000 000000 000000 000000 000000 000000 000000 000000 000000 000000 000000 000000 000000 000000 000000
t=20 000000 3c2a00 3c2a00 000000 000000 030200 422d00 422d00 030200 000000 000000 000000 000000 000000 000000 000000 000000 000000 000000 000000 000000 000000 000000 000000 000000 000000 000000 000000 000000 000000 000000 000000 000000 000000 000000 000000 000000 000000 000000 000000 000000 000000 000000 000000 000000 000000 000000 000000 000000 000000 000000 000000 000000 000000 000000 000000 000000 000000 000000 000000 000000 000000 000000 000000 000000 000000 000000 000000 000000 000000 000000 000000 000000 000000
t=25 060600 443000 443000 060600 000000 0c0a00 4b3300 4b3300 0c0a00 000000 000000 000000 000000 000000 000000 000000 000000 000000 000000 000000 000000 000000 000000 000000 000000 000000 000000 000000 000000 000000 000000 000000 000000 000000 000000 000000 000000 000000 000000 000000 000000 000000 000000 000000 000000 000000 000000 000000 000000 000000 000000 000000 000000 000000 000000 000000 000000 000000 000000 000000 000000 000000 000000 000000 000000 000000 000000 000000 000000 000000 000000 000000 000000 000000
t=30 0f0d00 4d3600 4d3600 0f0d00 000000 141200 543900 543900 141200 000000 000000 000000 000000 000000 000000 000000 000000 000000 000000 000000 000000 000000 000000 000000 000000 000000 000000 000000 000000 000000 000000 000000 000000 000000 000000 000000 000000 000000 000000 000000 000000 000000 000000 000000 000000 000000 000000 000000 000000 000000 000000 000000 000000 000000 000000 000000 000000 000000 000000 000000 000000 000000 000000 000000 000000 000000 000000 000000 000000 000000 000000 000000 000000 000000
t=35 181500 563d00 563d00 181500 000000 1d1a00 5d3f00 5d3f00 1d1a00 000000 000000 000000 000000 000000 000000 000000 000000 000000 000000 000000 000000 000000 000000 000000 000000 000000 000000 000000 000000 000000 000000 000000 000000 000000 000000 000000 000000 000000 000000 000000 000000 000000 000000 000000 000000 000000 000000 000000 000000 000000 000000 000000 000000 000000 000000 000000 000000 000000 000000 000000 000000 000000 000000 000000 000000 000000 000000 000000 000000 000000 000000 000000 000000 000000
t=40 211d00 5f4300 5f4300 211d00 000000 262200 664500 664500 262200 000000 000000 000000 000000 000000 000000 000000 000000 000000 000000 000000 000000 000000 000000 000000 000000 000000 000000 000000 000000 000000 000000 000000 000000 000000 000000 000000 000000 000000 000000 000000 000000 000000 000000 000000 000000 000000 000000 000000 000000 000000 000000 000000 000000 000000 000000 000000 000000 000000 000000 000000 000000 000000 000000 000000 000000 000000 000000 000000 000000 000000 000000 000000 000000 000000
t=45 2a2500 684900 684900 2a2500 000000 2f2a00 6e4b00 6e4b00 2f2a00 000000 000000 000000 000000 000000 000000 000000 000000 000000 000000 000000 000000 000000 000000 000000 000000 000000 000000 000000 000000 000000 000000 000000 000000 000000 000000 000000 000000 000000 000000 000000 000000 000000 000000 000000 000000 000000 000000 000000 000000 000000 000000 000000 000000 000000 000000 000000 000000 000000 000000 000000 000000 000000 000000 000000 000000 000000 000000 000000 000000 000000 000000 000000 000000 000000
t=50 322d00 704f00 704f00 322d00 000000 383200 775100 775100 383200 000000 000000 000000 000000 000000 000000 000000 000000 000000 000000 000000 000000 000000 000000 000000 000000 000000 000000 000000 000000 000000 000000 000000 000000 000000 000000 000000 000000 000000 000000 000000 000000 000000 000000 000000 000000 000000 000000 000000 000000 000000 000000 000000 000000 000000 000000 000000 000000 000000 000000 000000 000000 000000 000000 000000 000000 000000 000000 000000 000000 000000 000000 000000 000000 000000
t=55 3b3500 795500 795500 3b3500 000000 413a00 805700 805700 413a00 000000 000000 000000 000000 000000 000000 000000 000000 000000 000000 000000 000000 000000 000000 000000 000000 000000 000000 000000 000000 000000 000000 000000 000000 000000 000000 000000 000000 000000 000000 000000 000000 000000 000000 000000 000000 000000 000000 000000 000000 000000 000000 000000 000000 000000 000000 000000 000000 000000 000000 000000 000000 000000 000000 000000 000000 000000 000000 000000 000000 000000 000000 000000 000000 000000
t=60 443d00 825c00 825c00 443d00 000000 494200 895d00 895d00 494200 000000 000000 000000 000000 000000 000000 000000 000000 000000 000000 000000 000000 000000 000000 000000 000000 000000 000000 000000 000000 000000 000000 000000 000000 000000 000000 000000 000000 000000 000000 000000 000000 000000 000000 000000 000000 000000 000000 000000 000000 000000 000000 000000 000000 000000 000000 000000 000000 000000 000000 000000 000000 000000 000000 000000 000000 000000 000000 000000 000000 000000 000000 000000 000000 000000
t=65 4d4500 8b6200 8b6200 4d4500 000000 524900 926300 926300 524900 000000 000000 000000 000000 000000 000000 000000 000000 000000 000000 000000 000000 000000 000000 000000 000000 000000 000000 000000 000000 000000 000000 000000 000000 000000 000000 000000 000000 000000 000000 000000 000000 000000 000000 000000 000000 000000 000000 000000 000000 000000 000000 000000 000000 000000 000000 000000 000000 000000 000000 000000 000000 000000 000000 000000 000000 000000 000000 000000 000000 000000 000000 000000 000000 000000
t=70 564d00 946800 946800 564d00 000000 5b5100 9b6900 9b6900 5b5100 000000 000000 000000 000000 000000 000000 000000 000000 000000 000000 000000 000000 000000 000000 000000 000000 000000 000000 000000 000000 000000 000000 000000 000000 000000 000000 000000 000000 000000 000000 000000 000000 000000 000000 000000 000000 000000 000000 000000 000000 000000 000000 000000 000000 000000 000000 000000 000000 000000 000000 000000 000000 000000 000000 000000 000000 000000 000000 000000 000000 000000 000000 000000 000000 000000
t=75 5f5400 9d6e00 9d6e00 5f5400 000000 645900 a36f00 a36f00 645900 000000 000000 000000 000000 000000 000000 000000 000000 000000 000000 000000 000000 000000 000000 000000 000000 000000 000000 000000 000000 000000 000000 000000 000000 000000 000000 000000 000000 000000 000000 000000 000000 000000 000000 000000 000000 000000 000000 000000 000000 000000 000000 000000 000000 000000 000000 000000 000000 000000 000000 000000 000000 000000 000000 000000 000000 000000 000000 000000 000000 000000 000000 000000 000000 000000
t=80 675c00 a57500 a57500 675c00 000000 6d6100 ac7500 ac7500 6d6100 000000 000000 000000 000000 000000 000000 000000 000000 000000 000000 000000 000000 000000 000000 000000 000000 000000 000000 000000 000000 000000 000000 000000 000000 000000 000000 000000 000000 000000 000000 000000 000000 000000 000000 000000 000000 000000 000000 000000 000000 000000 000000 000000 000000 000000 000000 000000 000000 000000 000000 000000 000000 000000 000000 000000 000000 000000 000000 000000 000000 000000 000000 000000 000000 000000
t=85 706400 ae7b00 ae7b00 706400 000000 766900 b57b00 b57b00 766900 000000 000000 000000 000000 000000 000000 000000 000000 000000 000000 000000 000000 000000 000000 000000 000000 000000 000000 000000 000000 000000 000000 000000 000000 000000 000000 000000 000000 000000 000000 000000 000000 000000 000000 000000 000000 000000 000000 000000 000000 000000 000000 000000 000000 000000 000000 000000 000000 000000 000000 000000 000000 000000 000000 000000 000000 000000 000000 000000 000000 000000 000000 000000 000000 000000
t=90 796c00 b78100 b78100 796c00 000000 7e7100 be8100 be8100 7e7100 000000 000000 000000 000000 000000 000000 000000 000000 000000 000000 000000 000000 000000 000000 000000 000000 000000 000000 000000 000000 000000 000000 000000 000000 000000 000000 000000 000000 000000 000000 000000 000000 000000 000000 000000 000000 000000 000000 000000 000000 000000 000000 000000 000000 000000 000000 000000 000000 000000 000000 000000 000000 000000 000000 000000 000000 000000 000000 000000 000000 000000 000000 000000 000000 000000
t=95 827400 c08700 c08700 827400 000000 877900 c78700 c78700 877900 000000 000000 000000 000000 000000 000000 000000 000000 000000 000000 000000 000000 000000 000000 000000 000000 000000 000000 000000 000000 000000 000000 000000 000000 000000 000000 000000 000000 000000 000000 000000 000000 000000 000000 000000 000000 000000 000000 000000 000000 000000 000000 000000 000000 000000 000000 000000 000000 000000 000000 000000 000000 000000 000000 000000 000000 000000 000000 000000 000000 000000 000000 000000 000000 000000
t=100 8b7c00 c98e00 c98e00 8b7c00 000000 908100 d08d00 d08d00 908100 000000 000000 000000 000000 000000 000000 000000 000000 000000 000000 000000 000000 000000 000000 000000 000000 000000 000000 000000 000000 000000 000000 000000 000000 000000 000000 000000 000000 000000 000000 000000 000000 000000 000000 000000 000000 000000 000000 000000 000000 000000 000000 000000 000000 000000 000000 000000 000000 000000 000000 000000 000000 000000 000000 000000 000000 000000 000000 000000 000000 000000 000000 000000 000000 000000
t=105 938400 d29400 d29400 938400 000000 998900 d89300 d89300 998900 000000 000000 000000 000000 000000 000000 000000 000000 000000 000000 000000 000000 000000 000000 000000 000000 000000 000000 000000 000000 000000 000000 000000 000000 000000 000000 000000 000000 000000 000000 000000 000000 000000 000000 000000 000000 000000 000000 000000 000000 000000 000000 000000 000000 000000 000000 000000 000000 000000 000000 000000 000000 000000 000000 000000 000000 000000 000000 000000 000000 000000 000000 000000 000000 000000
t=110 9c8c00 da9a00 da9a00 9c8c00 000000 a29000 e19900 e19900 a29000 000000 000000 000000 000000 000000 000000 000000 000000 000000 000000 000000 000000 000000 000000 000000 000000 000000 000000 000000 000000 000000 000000 000000 000000 000000 000000 000000 000000 000000 000000 000000 000000 000000 000000 000000 000000 000000 000000 000000 000000 000000 000000 000000 000000 000000 000000 000000 000000 000000 000000 000000 000000 000000 000000 000000 000000 000000 000000 000000 000000 000000 000000 000000 000000 000000
t=115 a59400 e3a000 e3a000 a59400 000000 aa9800 eaa000 eaa000 aa9800 000000 000000 000000 000000 000000 000000 000000 000000 000000 000000 000000 000000 000000 000000 000000 000000 000000 000000 000000 000000 000000 000000 000000 000000 000000 000000 000100 000000 000000 000000 000000 000000 000000 000000 000000 000000 000000 000000 000000 000000 000000 000000 000000 000000 000000 000000 000000 000000 000000 000000 000000 000000 000000 000000 000000 000000 000000 000000 000000 000000 000000 000000 000000 000000 000000
t=120 ae9b00 eca600 eca600 ae9b00 000000 b3a000 f3a600 f3a600 b3a000 000000 000000 000000 000000 000000 000000 000000 000000 000000 000000 000000 000000 000000 000000 000000 000000 000000 000000 000000 000000 000000 000000 000000 000000 000000 000000 060a00 000000 000000 000000 000000 000000 000000 000000 000000 000000 000000 000000 000000 000000 000000 000000 000000 000000 000000 000000 000000 000000 000000 000000 000000 000000 000000 000000 000000 000000 000000 000000 000000 000000 000000 000000 000000 000000 000000
t=125 b7a300 f5ad00 f5ad00 b7a300 000000 bca800 fcac00 fcac00 bca800 000000 000000 000000 000000 000000 000000 000000 000000 000000 000000 000000 000000 000000 000000 000000 000000 000000 000000 000000 000000 000000 000000 000000 000000 000000 000000 0b1300 020400 000000 000000 000000 000000 000000 000000 000000 000000 000000 000000 000000 000000 000000 000000 000000 000000 000000 000000 000000 000000 000000 000000 000000 000000 000000 000000 000000 000000 000000 000000 000000 000000 000000 000000 000000 000000 000000
t=130 c0ab00 feb300 feb300 c0ab00 000000 c5b000 f9a900 f9a900 c5b000 000000 000000 000000 000000 000000 000000 000000 000000 000000 000000 000000 000000 000000 000000 000000 000000 000000 000000 000000 000000 000000 000000 000000 000000 000000 030700 101b00 070d00 000000 000000 000000 000000 000000 000000 030600 000000 000000 000000 000000 000000 000000 000000 000000 000000 000000 000000 000000 000000 000000 000000 000000 000000 000000 000000 000000 000000 000000 000000 000000 000000 000000 000000 000000 000000 000000
t=135 c8b300 f7ae00 f7ae00 c8b300 000000 ceb800 f0a300 f0a300 ceb800 000000 000000 000000 000000 000000 000000 000000 000000 000000 000000 000000 000000 000000 000000 000000 000000 000000 000000 000000 000000 000000 000000 000000 000000 000000 081000 162400 0c1600 000000 000000 000000 000000 000000 000000 070e00 000000 040800 000000 000000 000000 000000 000000 000000 000000 000000 000000 000000 000000 000000 000000 000000 000000 000000 000000 000000 000000 000000 000000 000000 000000 000000 000000 000000 000000 000000
t=140 d1bb00 eea800 eea800 d1bb00 000000 d7c000 e79d00 e79d00 d7c000 000000 000000 000000 000000 000000 000000 000000 000000 000000 000000 000000 000000 000000 000000 000000 000000 000000 000000 000000 000000 000000 000000 000000 000000 000000 0d1900 1b2d00 111f00 000000 000000 000000 000000 000000 000000 0c1700 000000 081100 000000 000000 000000 000000 000000 000000 000000 000000 000000 000000 000000 000000 000000 000000 000000 000000 000000 000000 000000 000000 000000 000000 000000 000000 000000 000000 000000 000000
t=145 dac300 e5a100 e5a100 dac300 000000 dfc800 de9700 de9700 dfc800 000000 000000 000000 000000 000000 000000 000000 000000 000000 000000 000000 000000 000000 000000 000000 000000 000000 000000 000000 000000 000000 000000 000000 000000 000000 122200 203600 162700 000000 000000 000000 000000 000000 000000 112000 000000 0d1a00 000000 000000 000000 000000 000000 000000 000000 000000 000000 000000 000000 000000 000000 000000 000000 000000 000000 000000 000000 000000 000000 000000 000000 000000 000000 000000 000000 000000
t=150 e3cb00 dc9b00 dc9b00 e3cb00 000000 e8d000 d59100 d59100 e8d000 000000 000000 000000 000000 000000 000000 000000 000000 000000 000000 000000 000000 000000 000000 000000 000000 000000 000000 000000 000000 000000 000000 000000 000000 000000 162a00 253f00 1a3000 000000 000000 000000 000000 000000 000000 152900 000000 112300 000000 000000 000000 000000 000000 000000 000000 000000 000000 000000 000000 000000 000000 000000 000000 000000 000000 000000 000000 000000 000000 000000 000000 000000 000000 000000 000000 000000
t=155 ecd300 d39500 d39500 ecd300 000000 f1d700 cc8b00 cc8b00 f1d700 000000 000000 000000 000000 000000 000000 000000 000000 000000 000000 000000 000000 000000 000000 000000 000000 000000 000000 000000 000000 000000 000000 000000 000000 000000 1b3300 2b4800 1f3900 000000 000000 000000 000000 000000 010400 1a3200 000000 162c00 000000 000000 000000 000000 000000 000000 000000 000000 000000 000000 000000 000000 000000 000000 000000 000000 000000 000000 000000 000000 000000 000000 000000 000000 000000 000000 000000 000000
t=160 f5db00 ca8f00 ca8f00 f5db00 000000 fadf00 c48500 c48500 fadf00 000000 000000 000000 000000 000000 000000 000000 000000 000000 000000 000000 000000 000000 000000 000000 000000 000000 000000 000000 000000 000000 000000 000000 000000 000000 203c00 305000 244200 000000 000000 000000 000000 000000 050d00 1f3b00 000000 1a3400 000200 000000 000000 000000 000000 000000 000000 000000 000000 000000 010400 000000 000000 000000 000000 000000 000000 000000 000000 000000 000000 000000 000000 000000 000000 000000 000000 000000
t=165 fde200 c28900 c28900 fde200 000000 fae000 bb7f00 bb7f00 fae000 000000 000000 000000 000000 000000 000000 000000 000000 000000 000000 000000 000000 000000 000000 000000 000000 000000 000000 000000 000000 000000 000000 000000 000000 000000 244500 355900 294b00 000000 000000 000000 000000 000000 081600 234300 000000 1f3d00 030a00 000000 000000 000000 000000 000000 000000 000000 000000 000000 040d00 000000 000000 000000 000000 000000 000000 000000 000000 000000 000000 000000 000000 000000 000000 000000 000000 000000
t=170 f7dd00 b98200 b98200 f7dd00 000000 f1d800 b27900 b27900 f1d800 000000 000000 000000 000000 000000 000000 000000 000000 000000 000000 000000 000000 000000 000000 000000 000000 000000 000000 000000 000000 000000 000000 000000 000000 000000 294e00 3b6200 2e5400 000000 000000 000000 000000 000000 0c1e00 284c00 000000 234600 071300 000000 000000 000000 000000 000000 000000 000000 000000 000000 081600 000000 000000 000000 000000 000000 000000 000000 000000 000000 000000 000000 000000 000000 000000 000000 000000 000000
t=175 eed500 b07c00 b07c00 eed500 000000 e9d000 a97300 a97300 e9d000 000000 000000 000000 000000 000000 000000 000000 000000 000000 000000 000000 000000 000000 000000 000000 000000 000000 000000 000000 000000 000000 000000 000000 000000 000000 2e5600 406b00 335c00 000000 000000 000000 000000 000000 0f2700 2d5500 000000 284f00 0a1c00 000000 000000 000000 000000 000000 000000 000000 000000 000000 0b1f00 000000 000000 000000 000000 000000 000000 000000 000000 000000 000000 000000 000000 000000 000000 000000 000000 000000
t=180 e5cd00 a77600 a77600 e5cd00 000000 e0c800 a06d00 a06d00 e0c800 000000 000000 000000 000000 000000 000000 000000 000000 000000 000000 000000 000000 000000 000000 000000 000000 000000 000000 000000 000000 000000 000000 000000 000000 000000 325f00 457400 386500 000300 000000 000000 000000 000000 123000 315e00 000000 2c5800 0d2500 000000 000000 000000 000000 000000 000000 000000 000000 000000 0e2700 000000 000000 000000 000000 000000 000000 000000 000000 000000 000000 000000 000000 000000 000000 000000 000000 000000
t=185 dcc500 9e7000 9e7000 dcc500 000000 d7c000 976700 976700 d7c000 000000 000000 000000 000000 000000 000000 000000 000000 000000 000000 000000 000000 000000 000000 000000 000000 000000 000000 000000 000000 000000 000000 000000 000000 000000 376800 4b7d00 3d6e00 020b00 000000 000000 000000 000000 163900 366700 000000 316000 102e00 000000 000000 000000 000000 000000 000000 000000 000000 000000 113000 000000 000000 000000 000000 000000 000000 000000 000000 000000 000000 000000 000000 000000 000000 000000 000000 000000
t=190 d4bd00 956900 956900 d4bd00 000000 ceb800 8f6100 8f6100 ceb800 000000 000000 000000 000000 000000 000000 000000 000000 000000 000000 000000 000000 000000 000000 000000 000000 000000 000000 000000 000000 000000 000000 000000 000000 010600 3c7100 508500 417700 051400 000000 000000 000000 000000 194200 3b6f00 000000 356900 143700 000000 000000 000000 000000 000000 000000 000000 000000 000000 143900 000000 000000 000000 000000 000000 000000 000000 000000 000000 000000 000000 000000 000000 000000 000000 000000 000000
t=195 cbb500 8d6300 8d6300 cbb500 000000 c5b000 865b00 865b00 c5b000 000000 000000 000000 000000 000000 000000 000000 000000 000000 000000 000000 000000 000000 000000 000000 000000 000000 000000 000000 000000 000000 000000 000000 000000 030f00 407a00 558e00 468000 071d00 000000 000000 000000 000000 1d4b00 3f7800 000000 397200 173f00 000000 000000 000000 000000 000000 000000 000000 000000 000000 184200 000000 000000 000000 000000 000000 000000 000000 000000 000000 000000 000000 000000 000000 000000 000000 000000 000000
t=200 c2ad00 845d00 845d00 c2ad00 000000 bda900 7d5500 7d5500 bda900 000000 000000 000000 000000 000000 000000 000000 000000 000000 000000 000000 000000 000000 000000 000000 000000 000000 000000 000000 000000 000000 000000 000000 000000 041800 458300 5a9700 4b8800 092600 000000 000000 000000 000000 205300 448100 000000 3e7b00 1a4800 000000 000000 000000 000000 000000 000000 000000 000000 000000 1b4b00 000000 000000 000000 000000 000000 000000 000000 000000 000000 000000 000000 000000 000000 000000 000000 000000 000000
t=205 b9a500 7b5700 7b5700 b9a500 000000 b4a100 744f00 744f00 b4a100 000000 000000 000000 000000 000000 000000 000000 000000 000000 000000 000000 000000 000000 000000 000000 000000 000000 000000 000000 000000 000000 000000 000000 000000 062000 4a8b00 60a000 509100 0b2f00 000000 000000 000000 000600 245c00 498a00 000000 428400 1d5100 000000 000000 000000 000000 000000 000000 000000 000000 000000 1e5300 000000 000000 000000 000000 000000 000000 000000 000000 000000 000000 000000 000000 000000 000000 000000 000000 000000
t=210 b09e00 725000 725000 b09e00 000000 ab9900 6b4900 6b4900 ab9900 000000 000000 000000 000000 000000 000000 000000 000000 000000 000000 000000 000000 000000 000000 000000 000000 000000 000000 000000 000000 000000 000000 000000 000000 082900 4e9400 65a900 559a00 0d3700 000000 000000 000000 020f00 276500 4d9300 000000 478d00 205a00 000000 000000 000000 000000 000000 000000 000000 000000 000000 215c00 000000 000000 000000 000000 000000 000000 000000 000000 000000 000000 000000 000000 000000 000000 000000 000000 000000
t=215 a79600 694a00 694a00 a79600 000000 a29100 634300 634300 a29100 000000 000000 000000 000000 000000 000000 000000 000000 000000 000000 000000 000000 000000 000000 000000 000000 000000 000000 000000 000000 000000 000000 000000 000000 0a3200 539d00 6ab100 5aa300 104000 000000 000000 000000 031800 2a6e00 529c00 000000 4b9500 246300 000000 000000 000000 000000 000000 000000 000000 000000 000000 256500 000000 000000 000000 000000 000000 000000 000000 000000 000000 000000 000000 000000 000000 000000 000000 000000 000000
t=220 9f8e00 614400 614400 9f8e00 000000 998900 5a3d00 5a3d00 998900 000000 000000 000000 000000 000000 000000 000000 000000 000000 000000 000000 000000 000000 000000 000000 000000 000000 000000 000000 000000 000000 000000 000000 000000 0b3b00 58a600 70ba00 5fac00 124900 000000 000000 000000 042100 2e7700 57a400 000000 509e00 276b00 000000 000000 000000 000000 000000 000000 000000 000000 000000 286e00 000000 000000 000000 000000 000000 000000 000000 000000 000000 000000 000000 000000 000000 000000 000000 000000 000000
t=225 968600 583e00 583e00 968600 000000 908100 513700 513700 908100 000000 000000 000000 000000 000000 000000 000000 000000 000000 000000 000000 000000 000000 000000 000000 000000 000000 000000 000000 000000 000000 000000 000000 000000 0d4400 5caf00 75c300 64b500 145200 000000 000000 000000 052a00 318000 5bad00 000000 54a700 2a7400 000000 000000 000000 000000 000000 000000 000000 000000 000000 2b7700 000000 000000 000000 000000 000000 000000 000000 000000 000000 000000 000000 000000 000000 000000 000000 000000 000000
t=230 8d7e00 4f3800 4f3800 8d7e00 000000 887900 483100 483100 887900 000000 000000 000000 000000 000000 000000 000000 000000 000000 000000 000000 000000 000000 000000 000000 000000 000000 000000 000000 000000 000000 000000 000000 000000 0f4d00 61b800 7acc00 69bd00 165b00 000000 000000 000000 063300 358800 60b600 000000 59b000 2d7d00 000000 000000 000000 000000 000000 000000 000000 000000 000000 2e8000 000000 000000 000000 000000 000000 000000 000000 000000 000000 000000 000000 000000 000000 000000 000000 000000 000000
t=235 847600 463100 463100 847600 000000 7f7100 3f2b00 3f2b00 7f7100 000000 000000 000000 000000 000000 000000 000000 000000 000000 000000 000000 000000 000000 000000 000000 000000 000000 000000 000000 000000 000000 000000 000000 000000 115500 66c000 7fd500 6dc600 186400 000000 000000 000000 073b00 389100 65bf00 000000 5db900 318600 000000 000000 000000 000000 000000 000000 000000 000000 000000 318800 000900 000000 000000 000000 000000 000000 000000 000000 000000 000000 000000 000000 000000 000000 000000 000000 000000
t=240 7b6e00 3d2b00 3d2b00 7b6e00 000000 766900 362500 362500 766900 000000 000000 000000 000000 000000 000000 000000 000000 000000 000000 000000 000000 000000 000000 000000 000000 000000 000000 000000 000000 000000 000000 000000 000000 125e00 6ac900 85de00 72cf00 1a6c00 000600 000000 000000 084400 3b9a00 69c800 000000 62c200 348f00 000000 000000 000000 000000 000000 000000 000000 000000 000000 359100 001200 000000 000000 000000 000000 000000 000000 000000 000000 000000 000000 000000 000000 000000 000000 000000 000000
t=245 736600 342500 342500 736600 000000 6d6200 2e1f00 2e1f00 6d6200 000000 000000 000000 000000 000000 000000 000000 000000 000000 000000 000000 000000 000000 000000 000000 000000 000000 000000 000000 000000 000000 000000 000000 000300 146700 6fd200 8ae600 77d800 1d7500 000f00 000000 000000 0a4d00 3fa300 6ed100 000000 66ca00 379800 000000 000000 000000 000000 000000 000000 000000 000000 000000 389a00 001b00 000000 000000 000000 000000 000000 000000 000000 000000 000000 000000 000000 000000 000000 000000 000000 000000
t=250 6a5e00 2c1f00 2c1f00 6a5e00 000000 645a00 251900 251900 645a00 000000 000000 000000 000000 000000 000000 000000 000000 000000 000000 000000 000000 000000 000000 000000 000000 000000 000000 000000 000000 000000 000000 000000 000c01 167000 74db00 8fef00 7ce100 1f7e00 001801 000000 000000 0b5600 42ac00 73d900 000000 6bd300 3aa000 000000 000000 000000 000000 000000 000000 000000 000000 000500 3ba300 002300 000000 000000 000000 000000 000000 000000 000000 000000 000000 000000 000000 000000 000000 000000 000000 000000
t=255 615700 231800 231800 615700 000000 5c5200 1c1300 1c1300 5c5200 000000 000000 000000 000000 000000 000000 000000 000000 000000 000000 000000 000000 000000 000000 000000 000000 000000 000000 000000 000000 000000 000000 000000 001502 187900 78e400 95f800 81ea00 218700 002101 000000 000000 0c5f00 46b400 77e200 000000 6fdc00 3da900 000200 000000 000000 000000 000000 000000 000000 000000 000e01 3eac00 002c01 000000 000000 000000 000000 000000 000000 000000 000000 000000 000000 000000 000000 000000 000000 000000 000000
t=260 584f00 1a1200 1a1200 584f00 000000 534a00 130d00 130d00 534a00 000000 000000 000000 000000 000000 000000 000000 000000 000000 000000 000000 000000 000000 000000 000000 000000 000000 000000 000000 000000 000000 000000 000000 001e02 1a8200 7dec00 97fc00 86f200 239000 002a01 000000 000000 0d6800 49bd00 7ceb00 000000 74e500 41b200 000b01 000000 000000 000000 000000 000000 000000 000000 001702 42b500 003501 000000 000000 000000 000000 000000 000000 000000 000000 000000 000000 000000 000000 000000 000000 000000 000000
t=265 4f4700 110c00 110c00 4f4700 000000 4a4200 0a0700 0a0700 4a4200 000000 000000 000000 000000 000000 000000 000000 000000 000000 000000 000000 000000 000000 000000 000000 000000 000000 000000 000000 000000 000000 000000 000000 002703 1b8a00 82f500 92f300 8bfb00 259900 003302 000000 000000 0e7000 4dc600 81f400 000000 78ee00 44bb00 001403 000000 000000 000000 000000 000000 000000 000000 002003 45bd00 003e01 000000 000000 000000 000000 000000 000000 000000 000000 000000 000000 000000 000000 000000 000000 000000 000000
t=270 463f00 080600 080600 463f00 000000 413a00 010100 010100 413a00 000000 000000 000000 000000 000000 000000 000000 000000 000000 000000 000000 000000 000000 000000 000000 000000 000000 000000 000000 000000 000000 000000 000000 002f04 1d9300 86fe00 8cea00 89f900 27a100 003b02 000000 000000 0f7900 50cf00 86fd00 000000 7cf600 47c400 001c04 000000 000000 000000 000000 000000 000000 000000 002904 48c600 004701 000000 000000 000000 000000 000000 000000 000000 000000 000000 000000 000000 000000 000000 000000 000000 000000
t=275 3e3700 000000 000000 3e3700 000000 383200 000000 000000 383200 000000 000000 000000 000000 000000 000000 000000 000000 000000 000000 000000 000000 000000 000000 000000 000000 000000 000000 000000 000000 000000 000000 000000 003805 1f9c00 82f600 87e200 85f000 2aaa00 004403 000000 000300 108200 53d800 83f800 000000 80fe00 4acd00 002506 000000 000000 000000 000000 000000 000000 000000 003205 4bcf00 005001 000000 000000 000000 000000 000000 000000 000000 000000 000000 000000 000000 000000 000000 000000 000000 000000
t=280 352f00 000000 000000 352f00 000000 2f2a00 000000 000000 2f2a00 000000 000000 000000 000000 000000 000000 000000 000000 000000 000000 000000 000000 000000 000000 000000 000000 000000 000000 000000 000000 000000 000000 000000 004106 21a500 7ded00 82d900 80e700 2cb300 004d03 000000 000b03 128b00 57e100 7eef00 000000 7cf500 4dd500 002e07 000000 000000 000000 000000 000000 000000 000000 003a06 4ed800 005802 000000 000000 000000 000000 000000 000000 000000 000000 000000 000000 000000 000000 000000 000000 000000 000000
t=285 2c2700 000000 000000 2c2700 000000 272200 000000 000000 272200 000000 000000 000000 000000 000000 000000 000000 000000 000000 000000 000000 000000 000000 000000 000000 000000 000000 000000 000000 000000 000000 000000 000000 004a06 22ae00 79e400 7dd000 7bdf00 2ebc00 005604 000000 001405 139400 5ae900 79e600 000000 77ec00 51de00 003709 000000 000000 000000 000000 000000 000000 000000 004307 52e100 006102 000000 000000 000000 000000 000000 000000 000000 000000 000000 000000 000000 000000 000000 000000 000000 000000
t=290 231f00 000000 000000 231f00 000000 1e1b00 000000 000000 1e1b00 000000 000000 000000 000000 000000 000000 000000 000000 000000 000000 000000 000000 000000 000000 000000 000000 000000 000000 000000 000000 000000 000000 000000 005307 24b600 74dc00 77c700 76d600 30c500 005f04 000000 001d07 149c00 5ef200 75dd00 000000 73e300 54e700 00400a 000000 000000 000000 000000 000000 000000 000000 004c09 55e900 006a02 000000 000000 000000 000000 000000 000000 000000 000000 000000 000000 000000 000000 000000 000000 000000 000000
t=295 1a1700 000000 000000 1a1700 000000 151300 000000 000000 151300 000000 000000 000000 000000 000000 000000 000000 000000 000000 000000 000000 000000 000000 000000 000000 000000 000000 000000 000000 000000 000000 000000 000000 005b08 26bf00 6fd300 72be00 71cd00 32cd00 006804 000000 002609 15a500 61fb00 70d400 000000 6eda00 57f000 00480c 000000 000000 000000 000000 000000 000000 000000 00550a 58f200 007302 000000 000000 000000 000000 000000 000000 000000 000000 000000 000000 000000 000000 000000 000000 000000 000000
t=300 111000 000000 000000 111000 000000 0c0b00 000000 000000 0c0b00 000000 000000 000000 000000 000000 000000 000000 000000 000000 000000 000000 000000 000000 000000 000000 000000 000000 000000 000000 000000 000000 000000 000000 006409 28c800 6bca00 6db600 6cc400 35d600 007005 000301 002f0c 16ae00 60f900 6bcb00 000000 6ad200 5af900 00510d 000000 000000 000000 000000 000000 000000 000000 005e0b 5bfb00 007c02 000000 000000 000000 000000 000000 000000 000000 000000 000000 000000 000000 000000 000000 000000 000000 000000
t=305 090800 000000 000000 090800 000000 030300 000000 000000 030300 000000 000000 000000 000000 000000 000000 000000 000000 000000 000000 000000 000000 000000 000000 000000 000000 000000 000000 000000 000000 000000 000000 000100 006d0a 29d100 66c100 67ad00 67bb00 37df00 007905 000c04 00370e 17b700 5df000 67c300 000000 65c900 5bfc00 005a0e 000000 000000 000000 000000 000000 000000 000000 00670c 5bf900 008403 000000 000000 000000 000000 000000 000000 000000 000000 000000 000000 000000 000000 000000 000000 000000 000000
t=310 000000 000000 000000 000000 000000 000000 000000 000000 000000 000000 000000 000000 000000 000000 000000 000000 000000 000000 000000 000000 000000 000000 000000 000000 000000 000000 000000 000000 000000 000000 000000 000a04 00760b 2bda00 61b800 62a400 62b200 39e800 008206 001508 004010 18c000 5ae700 62ba00 000000 61c000 58f300 006310 000000 000000 000000 000000 000000 000000 000100 006f0d 57f000 008d03 000000 000000 000000 000000 000000 000000 000000 000000 000000 000000 000000 000000 000000 000000 000000 000000
t=315 000000 000000 000000 000000 000000 000000 000000 000000 000000 000000 000000 000000 000000 000000 000000 000000 000000 000000 000000 000000 000000 000000 000000 000000 000000 000000 000000 000000 000000 000000 000000 001308 007f0b 2de300 5db000 5d9b00 5eaa00 3bf100 008b06 001d0b 004913 1ac900 56df00 5db100 000000 5cb700 55ea00 006c11 000000 000000 000000 000000 000000 000000 000a04 00780e 54e700 009603 000000 000000 000000 000000 000000 000000 000000 000000 000000 000000 000000 000000 000000 000000 000000 000000
t=320 000000 000000 000000 000000 000000 000000 000000 000000 000000 000000 000000 000000 000000 000000 000000 000000 000000 000000 000000 000000 000000 000000 000000 000000 000000 000000 000000 000502 000000 000201 000000 001c0b 00880c 2feb00 58a700 589200 59a100 3dfa00 009406 00260f 005215 1bd100 53d600 59a800 000000 58ae00 52e100 007513 000804 000000 000000 000502 000000 000000 001208 00810f 51df00 009f03 000000 000000 000000 000000 000000 000000 000000 000000 000000 000000 000000 000000 000000 000000 000000 000000
t=325 000000 000000 000000 000000 000000 000000 000000 000000 000000 000000 000000 000000 000000 000000 000000 000000 000000 000000 000000 000000 000000 000000 000000 000000 000000 000000 000000 000e07 000000 000a05 000000 00250f 00900d 30f400 539e00 528900 549800 3efb00 009c07 002f12 005b17 1cda00 4fcd00 549f00 000000 53a500 4fd800 007d14 001108 000000 000201 000e07 000603 000000 001b0d 008a10 4ed600 00a803 000000 000000 000000 000000 000000 000000 000000 000000 000000 000000 000000 000000 000000 000000 000000 000000
t=330 000000 000000 000000 000000 000000 000000 000000 000000 000000 000000 000000 000000 000000 000000 000000 000000 000000 000000 000000 000000 000000 000000 000000 000000 000000 000000 000000 00170b 000000 00130a 000000 002d13 00990e 32fd00 4f9500 4d8100 4f8f00 3bf200 00a507 003816 006419 1de300 4cc400 4f9600 000000 4f9d00 4bcf00 008616 00190c 000000 000b06 00170b 000e07 000000 002411 009311 4acd00 00b104 000000 000000 000000 000000 000000 000000 000000 000000 000000 000000 000000 000000 000000 000000 000000 000000
t=335 000000 000000 000000 000000 000000 000000 000000 000000 000000 000000 000000 000000 000000 000000 000000 000000 000000 000000 000000 000000 000000 000000 000000 000000 000000 000000 000402 001f0f 000000 001c0e 000000 003617 00a20f 31f700 4a8c00 487800 4a8600 39e900 00ae08 00411a 006c1c 1eec00 48bb00 4b8e00 000000 4b9400 48c700 008f17 002211 000000 00140a 001f0f 00170c 000000 002d15 009b12 47c400 00b904 000000 000000 000000 000000 000000 000000 000000 000000 000000 000000 000000 000000 000000 000000 000000 000000
t=340 000000 000000 000000 000000 000000 000000 000000 000000 000000 000000 000000 000000 000000 000000 000000 000000 000000 000000 000000 000000 000000 000000 000000 000000 000000 000000 000d07 002814 000000 002513 000603 003f1a 00ab10 2fee00 458300 426f00 457d00 37e000 00b708 00491d 00751e 1ff500 45b300 468500 000000 468b00 45be00 009819 002b15 000000 001c0f 002814 002010 000000 003619 00a413 44bb00 00c204 000000 000000 000000 000000 000000 000000 000000 000000 000000 000000 000000 000000 000000 000000 000000 000000
t=345 000000 000000 000000 000000 000000 000000 000000 000000 000000 000000 000000 000000 000000 000000 000000 000000 000000 000000 000000 000000 000000 000000 000000 000000 000000 000000 00150c 003118 000000 002e17 000f09 00481e 00b410 2de500 417b00 3d6600 407500 35d700 00c009 005221 007e20 20fe00 42aa00 417c00 000000 428200 42b500 00a11a 003419 000000 002514 003118 002915 000000 003f1d 00ad14 41b300 00cb04 000000 000000 000000 000000 000000 000000 000000 000000 000000 000000 000000 000000 000000 000000 000000 000000
t=350 000000 000000 000000 000000 000000 000000 000000 000000 000000 000000 000000 000000 000000 000000 000000 000000 000000 000000 000000 000000 000000 000000 000000 000000 000000 000000 001e12 003a1c 000000 00361c 00180e 005122 00bd11 2cdd00 3c7200 385d00 3b6c00 33cf00 00c909 005b24 008723 1ff700 3ea100 3d7300 000000 3d7900 3eac00 00a91b 003d1e 000000 002e19 003a1c 003219 000000 004721 00b615 3eaa00 00d404 000000 000000 000000 000000 000000 000000 000000 000000 000000 000000 000000 000000 000000 000000 000000 000000
t=355 000000 000000 000000 000000 000000 000000 000000 000000 000000 000000 000000 000000 000000 000000 000000 000000 000000 000000 000000 000000 000000 000000 000000 000000 000000 000000 002717 004321 000000 003f21 002014 005a26 00c512 2ad400 376900 335500 376300 30c600 00d109 006428 009025 1eee00 3b9800 386a00 000000 397100 3ba300 00b21d 004522 000000 00371d 004321 003b1e 000000 005025 00bf16 3aa100 00dd05 000000 000000 000000 000000 000000 000000 000000 000000 000000 000000 000000 000000 000000 000000 000000 000000
t=360 000000 000000 000000 000000 000000 000000 000000 000000 000000 000000 000000 000000 000000 000000 000000 000000 000000 000000 000000 000000 000000 000000 000000 000000 000000 000000 00301c 004c25 000000 004825 002919 006229 00ce13 28cb00 336000 2d4c00 325a00 2ebd00 00da0a 006d2b 009827 1de500 378f00 336200 000000 346800 389a00 00bb1e 004e26 000000 004022 004b25 004323 000000 00592a 00c817 379800 00e505 000000 000000 000000 000000 000000 000000 000000 000000 000000 000000 000000 000000 000000 000000 000000 000000
t=365 000000 000000 000000 000000 000000 000000 000000 000000 000000 000000 000000 000000 000000 000000 000000 000000 000000 000000 000000 000000 000000 000000 000000 000000 000000 000000 003921 005429 000000 00512a 00321e 006b2d 00d714 26c200 2e5700 284300 2d5100 2cb400 00e30a 00762f 00a129 1cdc00 348600 2f5900 000000 305f00 359200 00c420 00572b 000000 004927 005429 004c27 000000 00622e 00d018 348f00 00ee05 000000 000000 000000 000000 000000 000000 000000 000000 000000 000000 000000 000000 000000 000000 000000 000000
t=370 000000 000000 000000 000000 000000 000000 000000 000000 000000 000000 000000 000000 000000 000000 000000 000000 000000 000000 000000 000000 000000 000000 000000 000000 000000 000000 004126 005d2e 000000 005a2e 003b24 007431 00e015 25b900 294e00 233a00 284900 2aab00 00ec0b 007e32 00aa2c 1bd300 307e00 2a5000 000000 2b5600 328900 00cd21 00602f 000000 00512c 005d2e 00552c 000000 006b32 00d919 318600 00f705 000000 000000 000000 000000 000000 000000 000000 000000 000000 000000 000000 000000 000000 000000 000000 000000
t=375 000000 000000 000000 000000 000000 000000 000000 000000 000000 000000 000000 000000 000000 000000 000000 000000 000000 000000 000000 000000 000000 000000 000000 000000 000000 000000 004a2b 006632 000000 006333 004429 007d35 00e915 23b100 254600 1d3100 234000 28a200 00f50b 008736 00b32e 1acb00 2d7500 254700 000000 274d00 2e8000 00d623 006934 000000 005a31 006632 005e30 000100 007336 00e21a 2d7e00 00fd05 000000 000000 000000 000000 000000 000000 000000 000000 000000 000000 000000 000000 000000 000000 000000 000000
t=380 000000 000000 000000 000000 000000 000000 000000 000000 000000 000000 000000 000000 000000 000000 000000 000000 000000 000000 000000 000000 000000 000000 000000 000000 000000 000000 005331 006f37 000000 006b37 004c2f 008638 00f116 21a800 203d00 182800 1e3700 269a00 00fd0b 009039 00bc30 19c200 2a6c00 213e00 000000 224400 2b7700 00de24 007238 000000 006335 006f36 006735 000908 007c3a 00eb1b 2a7500 00f405 000000 000000 000000 000000 000000 000000 000000 000000 000000 000000 000000 000000 000000 000000 000000 000000
t=385 000000 000000 000000 000000 000000 000000 000000 000000 000000 000000 000000 000000 000000 000000 000000 000000 000000 000000 000000 000000 000000 000000 000000 000000 000000 000000 005c36 00783b 000000 00743c 005534 008e3c 00fa17 1f9f00 1b3400 132000 192e00 239100 00f70b 00993d 00c533 17b900 266300 1c3500 000000 1e3c00 286e00 00e726 007a3c 000907 006c3a 00783b 006f39 00120f 00853e 00f41c 276c00 00eb05 000000 000000 000000 000000 000000 000000 000000 000000 000000 000000 000000 000000 000000 000000 000000 000000
t=390 000000 000000 000000 000000 000000 000000 000000 000000 000000 000000 000000 000000 000000 000000 000000 000000 000000 000000 000000 000000 000000 000000 000000 000000 000000 000000 00653b 00813f 000000 007d41 005e39 009740 00fa17 1e9600 172b00 0d1700 142500 218800 00ee0b 00a240 00cd35 16b000 235a00 172d00 000000 193300 256600 00f027 008341 00120f 00753f 00803f 00783e 001b16 008e43 00fc1d 246300 00e305 000000 000000 000000 000000 000000 000000 000000 000000 000000 000000 000000 000000 000000 000000 000000 000000
t=395 000000 000000 000000 000000 000000 000000 000000 000000 000000 000000 000000 000000 000000 000000 000000 000000 000000 000000 000000 000000 000000 000000 000000 000000 000000 000000 006e40 008944 000000 008645 00673f 00a044 00f116 1c8d00 122200 080e00 0f1c00 1f7f00 00e50a 00aa44 00d637 15a700 1f5100 132400 000000 152a00 215d00 00f929 008c45 001a16 007d44 008944 008143 00241d 009747 00f81d 215a00 00da05 000000 000000 000000 000000 000000 000000 000000 000000 000000 000000 000000 000000 000000 000000 000000 000000
t=400 000000 000000 000000 000000 000000 000000 000000 000000 000000 000000 000000 000000 000000 000000 000000 000000 000000 000000 000000 000000 000000 000000 000000 000000 000000 000000 007645 009248 000000 008f4a 007044 00a947 00e815 1a8400 0d1a00 030500 0b1400 1d7600 00dc0a 00b347 00df39 149e00 1c4900 0e1b00 000000 112100 1e5400 00fb29 009549 00231e 008648 009248 008a47 002d25 00a04b 00ef1c 1d5100 00d104 000000 000000 000000 000000 000000 000000 000000 000000 000000 000000 000000 000000 000000 000000 000000 000000
t=405 000000 000000 000000 000000 000000 000000 000000 000000 000000 000000 000000 000000 000000 000000 000000 000000 000000 000000 000000 000000 000000 000000 000000 000000 000000 000000 007f4b 009b4c 000000 00984e 00794a 00b24b 00df15 187c00 091100 000000 060b00 1b6d00 00d309 00bc4b 00e83c 139600 184000 091200 000000 0c1800 1b4b00 00f228 009e4e 002c25 008f4d 009b4c 00934c 00352c 00a84f 00e61b 1a4900 00c804 000000 000000 000000 000000 000000 000000 000000 000000 000000 000000 000000 000000 000000 000000 000000 000000
t=410 000000 000000 000000 000000 000000 000000 000000 000000 000000 000000 000000 000000 000000 000000 000000 000000 000000 000000 000000 000000 000000 000000 000000 000000 000000 000000 008850 00a451 000000 00a053 00814f 00bb4f 00d714 177300 040800 000000 010200 186500 00cb09 00c54e 00f13e 128d00 153700 050900 000000 081000 184200 00ea26 00a752 00352d 009852 00a451 009c50 003e33 00b153 00dd1a 174000 00bf04 000000 000000 000000 000000 000000 000000 000000 000000 000000 000000 000000 000000 000000 000000 000000 000000
t=415 000000 000000 000000 000000 000000 000000 000000 000000 000000 000000 000000 000000 000000 000000 000000 000000 000000 000000 000000 000000 000000 000000 000000 000000 000000 000000 009155 00ad55 000000 00a957 008a54 00c352 00ce13 156a00 000000 000000 000000 165c00 00c209 00ce52 00fa40 118400 122e00 000100 000000 030700 153900 00e125 00af56 003e34 00a157 00ad55 00a455 00473a 00ba57 00d419 143700 00b604 000000 000000 000000 000000 000000 000000 000000 000000 000000 000000 000000 000000 000000 000000 000000 000000
t=420 000000 000000 000000 000000 000000 000000 000000 000000 000000 000000 000000 000000 000000 000000 000000 000000 000000 000000 000000 000000 000000 000000 000000 000000 000000 000000 009a5a 00b559 000000 00b25c 00935a 00cc56 00c512 136100 000000 000000 000000 145300 00b908 00d756 00fb41 107b00 0e2500 000000 000000 000000 113100 00d823 00b85b 00473c 00aa5c 00b559 00ad59 005042 00c35b 00cc18 112e00 00ae04 000000 000000 000000 000000 000000 000000 000000 000000 000000 000000 000000 000000 000000 000000 000000 000000
t=425 000000 000000 000000 000000 000000 000000 000000 000000 000000 000000 000000 000000 000000 000000 000000 000000 000000 000000 000000 000000 000000 000000 000000 000000 000000 000000 00a35f 00be5e 000000 00bb60 009c5f 00d55a 00bc11 115800 000000 000000 000000 124a00 00b008 00df59 00f23e 0e7200 0b1d00 000000 000000 000000 0e2800 00cf22 00c15f 004f43 00b260 00be5e 00b65e 005949 00cc60 00c316 0d2500 00a503 000000 000000 000000 000000 000000 000000 000000 000000 000000 000000 000000 000000 000000 000000 000000 000000
t=430 000000 000000 000000 000000 000000 000000 000000 000000 000000 000000 000000 000000 000000 000000 000000 000000 000000 000000 000000 000000 000000 000000 000000 000000 000000 000000 00ab65 00c762 000000 00c465 00a565 00de5e 00b310 0f4f00 000000 000000 000000 104100 00a707 00e85d 00e93c 0d6a00 071400 000000 000000 000000 0b1f00 00c620 00ca63 00584b 00bb65 00c762 00bf63 006250 00d564 00ba15 0a1d00 009c03 000000 000000 000000 000000 000000 000000 000000 000000 000000 000000 000000 000000 000000 000000 000000 000000
t=435 000000 000000 000000 000000 000000 000000 000000 000000 000000 000000 000000 000000 000000 000000 000000 000000 000000 000000 000000 000000 000000 000000 000000 000000 000000 000000 00b46a 00d066 000000 00cc6a 00ae6a 00e761 00aa10 0e4700 000000 000000 000000 0e3900 009e07 00f160 00e03a 0c6100 040b00 000000 000000 000000 081600 00be1f 00d368 006152 00c46a 00d066 00c867 006a58 00dd68 00b114 071400 009303 000000 000000 000000 000000 000000 000000 000000 000000 000000 000000 000000 000000 000000 000000 000000 000000
t=440 000000 000000 000000 000000 000000 000000 000000 000000 000000 000000 000000 000000 000000 000000 000000 000000 000000 000000 000000 000000 000000 000000 000000 000000 000000 000000 00bd6f 00d96b 000000 00d56e 00b66f 00f065 00a20f 0c3e00 000000 000000 000000 0b3000 009607 00fa64 00d737 0b5800 010200 000000 000000 000000 050d00 00b51d 00db6c 006a5a 00cd6f 00d96b 00d16c 00735f 00e66c 00a813 040b00 008a03 000000 000000 000000 000000 000000 000000 000000 000000 000000 000000 000000 000000 000000 000000 000000 000000
t=445 000000 000000 000000 000000 000000 000000 000000 000000 000000 000000 000000 000000 000000 000000 000000 000000 000000 000000 000000 000000 000000 000000 000000 000000 000000 000000 00c674 00e26f 000000 00de73 00bf75 00f869 00990e 0a3500 000000 000000 000000 092700 008d06 00fa64 00cf35 0a4f00 000000 000000 000000 000000 010400 00ac1c 00e471 007361 00d673 00e16f 00d970 007c66 00ef70 009f12 000200 008203 000000 000000 000000 000000 000000 000000 000000 000000 000000 000000 000000 000000 000000 000000 000000 000000
t=450 000000 000000 000000 000000 000000 000000 000000 000000 000000 000000 000000 000000 000000 000000 000000 000000 000000 000000 000000 000000 000000 000000 000000 000000 000000 000000 00cf79 00ea74 000000 00e777 00c87a 00fc6a 00900d 082c00 000000 000000 000000 071e00 008406 00f160 00c633 094600 000000 000000 000000 000000 000000 00a31a 00ed75 007b69 00df78 00ea74 00e275 00856d 00f874 009711 000000 007902 000000 000000 000000 000000 000000 000000 000000 000000 000000 000000 000000 000000 000000 000000 000000 000000
t=455 000000 000000 000000 000000 000000 000000 000000 000000 000000 000000 000000 000000 000000 000000 000000 000000 000000 000000 000000 000000 000000 000000 000000 000000 000000 000000 00d77f 00f378 000000 00f07c 00d180 00f367 00870c 072300 000000 000000 000000 051500 007b05 00e95d 00bd31 083d00 000000 000000 000000 000000 000000 009a19 00f679 008470 00e77d 00f378 00eb79 008e75 00fc76 008e10 000000 007002 000000 000000 000000 000000 000000 000000 000000 000000 000000 000000 000000 000000 000000 000000 000000 000000
t=460 000000 000000 000000 000000 000000 000000 000000 000000 000000 000000 000000 000000 000000 000000 000000 000000 000000 000000 000000 000000 000000 000000 000000 000000 000000 000000 00e084 00fc7c 000000 00f980 00da85 00ea63 007e0b 051b00 000000 000000 000000 030c00 007205 00e059 00b42e 063500 000000 000000 000000 000000 000000 009118 00fe7d 008d77 00f082 00fc7c 00f47e 00977c 00f472 00850f 000000 006702 000000 000000 000000 000000 000000 000000 000000 000000 000000 000000 000000 000000 000000 000000 000000 000000
t=465 000000 000000 000000 000000 000000 000000 000000 000000 000000 000000 000000 000000 000000 000000 000000 000000 000000 000000 000000 000000 000000 000000 000000 000000 000000 000000 00e989 00f87a 000000 00fc82 00e28a 00e15f 00760b 031200 000000 000000 000000 010400 006a04 00d756 00ab2c 052c00 000000 000000 000000 000000 000000 008916 00f579 00967f 00f987 00f87a 00fd83 009f83 00eb6e 007c0e 000000 005e02 000000 000000 000000 000000 000000 000000 000000 000000 000000 000000 000000 000000 000000 000000 000000 000000
t=470 000000 000000 000000 000000 000000 000000 000000 000000 000000 000000 000000 000000 000000 000000 000000 000000 000000 000000 000000 000508 000102 000000 000000 000000 000000 000000 00f28e 00ef76 000000 00f37d 00eb90 00d95b 006d0a 010900 000000 000000 000000 000000 006104 00ce52 00a22a 042300 000000 000000 000000 000000 000000 008015 00ed75 009f86 00fb88 00ef76 00f880 00a88a 00e26a 00730d 000000 005502 000000 000000 000000 000000 000000 000000 000000 000000 000000 000000 000000 000000 000000 000000 000000 000000
t=475 000000 000000 000000 000000 000000 000000 000000 000000 000000 000000 000000 000000 000000 000000 000000 000000 000000 000000 000508 000c11 00070b 000000 000000 000000 000000 000000 00fb93 00e772 000000 00ea79 00f495 00d058 006409 000000 000000 000000 000000 000000 005804 00c54f 009a27 031a00 000000 000000 000000 000000 000000 007713 00e470 00a88e 00f283 00e772 00ef7b 00b192 00d966 006b0c 000000 004d01 000000 000102 000000 000000 000000 000000 000000 000000 000000 000000 000000 000000 000000 000000 000000 000000
t=480 000000 000000 000000 000000 000000 000000 000000 000000 000000 000000 000000 000000 000000 000000 000000 000000 000000 000000 000b11 00121a 000d14 000000 000000 000000 000000 000000 00f993 00de6d 000000 00e174 00fd9b 00c754 005b08 000000 000000 000000 000000 000000 004f03 00bd4b 009125 021100 000000 000000 000000 000000 000000 006e12 00db6c 00b095 00ea7e 00de6d 00e677 00ba99 00d062 00620b 000000 004401 000000 00070b 000000 000509 000000 000000 000000 000000 000000 000000 000000 000000 000000 000000 000000 000000
t=485 000000 000000 000000 000000 000000 000000 000000 000000 000000 000000 000000 000000 000000 000000 000000 000000 000000 000000 00111a 001823 00131c 000000 000000 000000 000000 000000 00f18d 00d569 000000 00d870 00f797 00be50 005207 000000 000000 000000 000000 000000 004603 00b448 008823 010800 000000 000000 000000 000000 000000 006510 00d268 00b99d 00e179 00d569 00dd72 00c3a0 00c75e 00590a 000000 003b01 000000 000d14 000000 000b11 000000 000000 000000 000000 000000 000000 000000 000000 000000 000000 000000 000000
t=490 000000 000000 000000 000000 000000 000000 000000 000000 000000 000000 000000 000000 000000 000000 000000 000000 000000 000000 001723 001e2b 001925 000203 000000 000000 000000 000000 00e888 00cc65 000000 00cf6b 00ee92 00b54c 004906 000000 000000 000000 000000 000000 003d02 00ab44 007f21 000000 000000 000000 000000 000000 000000 005c0f 00c963 00c2a4 00d875 00cc65 00d46e 00cba7 00bf59 005009 000000 003201 000408 00131d 000000 00111a 000103 000000 000000 000000 000000 000000 000000 000000 000000 000000 000000 000000
t=495 000000 000000 000000 000000 000000 000000 000000 000000 000000 000000 000000 000000 000000 000000 000000 000000 000000 000205 001d2b 002434 001f2e 00070c 000000 000000 000000 000000 00df83 00c360 000000 00c767 00e68c 00ac49 004106 000000 000000 000000 000000 000000 003502 00a241 00761e 000000 000000 000000 000000 000000 000000 00540d 00c05f 00cbac 00cf70 00c360 00cb69 00d4af 00b655 004708 000000 002900 000a11 001826 000000 001623 00060c 000000 000000 000000 000000 000000 000000 000000 000000 000000 000000 000000
t=500 000000 000000 000000 000000 000000 000000 000000 000000 000000 000000 000000 000000 000000 000000 000000 000000 000000 00070e 002334 002a3d 002537 000c15 000000 000000 000000 000000 00d67e 00ba5c 000000 00be62 00dd87 00a445 003805 000000 000000 000000 000000 000000 002c02 00993d 006d1c 000000 000000 000000 000000 000000 000000 004b0c 00b85a 00d4b3 00c66b 00bb5c 00c365 00ddb6 00ad51 003e07 000000 002000 000f1a 001e2f 000000 001c2c 000c14 000000 000000 000000 000000 000000 000000 000000 000000 000000 000000 000000
t=505 000000 000000 000000 000000 000000 000000 000000 000000 000000 000000 000000 000000 000000 000000 000000 000000 000000 000c17 00293d 003046 002b40 00111e 000000 000000 000000 000000 00cd79 00b257 000000 00b55d 00d481 009b41 002f04 000000 000000 000000 000000 000000 002301 009039 00651a 000000 000000 000000 000000 000000 000000 00420a 00af56 00ddbb 00bd66 00b258 00ba60 00e6bd 00a44d 003606 000000 001800 001423 002437 000000 002235 00111d 000000 000000 000000 000000 000000 000000 000000 000000 000000 000000 000000
t=510 000000 000000 000000 000000 000000 000000 000000 000000 000000 000000 000000 000000 000000 000000 000000 000000 000000 00111f 002f46 00364f 003048 001627 000000 000000 000000 000000 00c473 00a953 000000 00ac59 00cb7c 00923e 002603 000000 000000 000000 000000 000000 001a01 008836 005c17 000000 000000 000000 000000 000000 000000 003909 00a652 00e5c2 00b561 00a953 00b15b 00efc5 009b49 002d05 000000 000f00 00192b 002940 000000 00283d 001626 000000 000000 000000 000000 000000 000000 000000 000000 000000 000102 000000
t=515 000000 000000 000000 000000 000000 000000 000000 000000 000000 000000 000000 000000 000000 000000 000000 000000 000000 001628 00354f 003d58 003651 001b2f 000000 000000 000000 000000 00bc6e 00a04f 000000 00a354 00c277 00893a 001d02 000000 000000 000000 000000 000000 001100 007f32 005315 000000 000000 000000 000000 000000 000000 003008 009d4d 00eeca 00ac5d 00a04f 00a857 00f8cc 009245 002404 000000 000600 001e34 002f49 000000 002d46 001b2f 000000 000000 000000 000000 000000 000000 000000 000000 000000 00050b 000000
t=520 000000 000000 000000 000000 000000 000000 000000 000000 000000 000000 000000 000000 000000 000000 000000 000000 000000 001b31 003b58 004360 003c5a 002038 000000 000000 000000 000000 00b369 00974a 000000 009b50 00b971 008036 001401 000000 000000 000000 000000 000000 000800 00762f 004a13 000000 000000 000000 000000 000000 000000 002806 009449 00f7d1 00a358 00974a 009f52 00fdd0 008a41 001b03 000000 000000 00233d 003552 000000 00334f 002038 000000 000000 000000 000000 000000 000000 000000 000000 000000 000913 000000
t=525 000000 000000 000000 000000 000000 000000 000000 000000 000000 000000 000000 000000 000000 000000 000000 000000 000000 00203a 004060 004969 004263 002541 000000 000000 000000 000000 00aa64 008e46 000000 00924b 00b16c 007732 000c01 000000 000000 000000 000000 000000 000000 006d2b 004111 000000 000000 000000 000000 000000 000000 001f05 008c45 00fdd6 009a53 008e46 00974e 00f4c9 00813c 001202 000000 000000 002846 003a5b 000000 003958 002540 000000 000000 000000 000000 000000 000000 000000 000000 000000 000d1c 000000
t=530 000000 000000 000000 000000 000000 000000 000000 000000 000000 000000 000000 000000 000000 000000 000000 000000 000000 002543 004669 004f72 00486c 002a4a 000000 000000 000000 000000 00a15f 008542 000000 008947 00a866 006f2f 000300 000000 000000 000000 000000 000000 000000 006428 00390e 000000 000000 000000 000000 000000 000000 001603 008340 00f4cf 00914e 008642 008e49 00ebc1 007838 000901 000000 000000 002d4f 004063 000000 003e61 002a49 000000 000000 000000 000000 000000 000000 000000 000000 000000 001125 000000
t=535 000000 000000 000000 000000 000000 000000 000000 000000 000000 000000 000000 000000 000000 000000 000000 000000 000000 00294b 004c72 00557b 004e75 002f53 000000 000000 000000 000000 009859 007d3d 000000 008042 009f61 00662b 000000 000000 000000 000000 000000 000000 000000 005b24 00300c 000000 000000 000000 000000 000000 000000 000d02 007a3c 00ecc7 00884a 007d3d 008545 00e2ba 006f34 000100 000000 000000 003257 00466c 000000 00446a 002f52 000000 000000 000000 000000 000000 000000 000000 000000 000000 00152e 000000
t=540 000000 000000 000000 000000 000000 000000 000000 000000 000000 000000 000000 000000 000000 000000 000000 000000 000000 002e54 00527b 005b84 00547d 00355c 000000 000000 000000 000000 009054 007439 000000 00773d 00965c 005d27 000000 000000 000000 000000 000000 000000 000000 005321 00270a 000000 000000 000000 000000 000000 000000 000400 007138 00e3c0 008045 007439 007c40 00d9b3 006630 000000 000000 000000 003760 004c75 000000 004a72 00345b 000000 000000 000000 000000 000000 000000 000000 000000 000000 001937 000000
t=545 000000 000000 000000 000000 000000 000000 000000 000000 000000 000000 000000 000000 000000 000000 000000 000000 000000 00335d 005884 00618c 005a86 003a64 000000 000000 000000 000000 00874f 006b35 000000 006e39 008d56 005423 000000 000000 000000 000000 000000 000000 000000 004a1d 001e07 000000 000000 000000 000000 000000 000000 000000 006833 00dab8 007740 006b35 00733b 00d0ac 005e2c 000000 000000 000000 003c69 00517e 000000 00507b 003964 000000 000000 000000 000000 000000 000000 000000 000000 000000 001d3f 000000
t=550 000000 000000 000000 000000 000000 000000 000000 000000 000000 000000 000000 000000 000000 000000 000000 000000 000000 003866 005e8c 006795 00608f 003f6d 000000 000000 000000 000000 007e4a 006230 000000 006634 008551 004b20 000000 000000 000000 000000 000000 000000 000000 00411a 001505 000000 000000 000000 000000 000000 000000 000000 005f2f 00d1b1 006e3b 006230 006a37 00c8a4 005528 000000 000000 000000 004172 005787 000000 005584 003e6d 000000 000000 000000 000000 000000 000000 000000 000000 000000 002148 000000
t=555 000000 000000 000000 000000 000000 000000 000000 000000 000000 000000 000000 000000 000000 000000 000000 000000 000000 003d6f 006495 006e9e 006698 004476 000000 000000 000000 000104 007545 00592c 000000 005d30 007c4c 00431c 000000 000000 000000 000000 000000 000000 000000 003816 000c03 000000 000000 000000 000000 000000 000000 000000 00572b 00c8aa 006537 00592c 006232 00bf9d 004c23 000000 000000 000000 00477b 005d90 000000 005b8d 004375 000000 000000 000000 000000 000000 000000 000000 000000 000000 002551 000000
t=560 000000 000000 000000 000000 000000 000000 000000 000000 000000 000000 000000 000000 000000 000000 000000 000000 000000 004278 006a9e 0074a7 006ca1 00497f 000106 000000 000000 00020d 006c3f 005128 000000 00542b 007346 003a18 000000 000000 000000 000000 000000 000000 000000 002f13 000401 000000 000000 000000 000000 000000 000000 000000 004e26 00bfa2 005c32 005128 00592e 00b696 00431f 000000 000000 000000 004c84 006298 000000 006196 00497e 000000 000000 000000 000000 000000 000000 000000 000000 000000 00295a 000000
t=565 000000 000000 000000 000000 000000 000000 000000 000000 000000 000000 000000 000000 000000 000000 000000 000000 000108 004780 0070a7 007ab0 0072aa 004e88 00030f 000000 000000 000416 00633a 004823 000000 004b27 006a41 003114 000000 000000 000000 000000 000000 000000 000000 00270f 000000 000000 000000 000000 000000 000000 000000 000000 004522 00b79b 00542d 004823 005029 00ad8f 003a1b 000000 000000 000000 00518c 0068a1 000000 00669e 004e87 000000 000000 000000 000000 000000 000000 000000 000000 000000 002d63 000000
t=570 000000 000000 000000 000000 000000 000000 000000 000000 000000 000000 000000 000000 000000 000000 000000 000000 000311 004c89 0076b0 0080b9 0077b2 005390 000418 000000 000000 00061f 005b35 003f1f 000000 004222 00613b 002811 000000 000000 000000 000000 000000 000000 000000 001e0c 000000 000000 000000 000000 000000 000000 000000 000000 003c1d 00ae93 004b28 003f1f 004725 00a487 003117 000000 000000 000000 005695 006eaa 000000 006ca7 005390 000000 000000 000000 000000 000000 000000 000000 000000 000002 00316c 000000
t=575 000000 000000 000000 000000 000000 000000 000000 000000 000000 000000 000000 000000 000000 000000 000000 000000 00041a 005192 007cb9 0086c1 007dbb 005899 000620 000000 000000 000827 005230 00361a 000000 00391e 005836 001f0d 000000 000000 000000 000000 000000 000000 000000 001508 000000 000000 000000 000000 000000 000000 000000 000000 003319 00a58c 004223 00361b 003e20 009c80 002913 000000 000000 000000 005b9e 0074b3 000000 0072b0 005899 000004 000000 000000 000000 000000 000000 000000 000000 00010b 003574 000000
t=580 000000 000000 000000 000000 000000 000000 000000 000000 000000 000000 000000 000000 000000 000000 000000 000000 000623 00559b 0082c1 008cca 0083c4 005da2 000829 000000 000000 000a30 00492b 002d16 000000 003119 005031 001609 000000 000000 000000 000000 000000 000000 000000 000c05 000000 000000 000000 000000 000000 000000 000000 000000 002b15 009c84 00391f 002d16 00351b 009379 00200f 000000 000000 000000 0060a7 0079bc 000000 0078b9 005da2 00010d 000000 000000 000000 000000 000000 000000 000000 000214 00397d 000000
t=585 000000 000000 000000 000000 000000 000000 000000 000000 000000 000000 000000 000000 000000 000000 000000 000000 00072b 005aa4 0087ca 0092d3 0089cd 0062ab 000a32 000000 000000 000c39 004026 002412 000000 002814 00472b 000e05 000000 000000 000000 000000 000000 000000 000000 000301 000000 000000 000000 000000 000000 000000 000000 000000 002210 00937d 00301a 002512 002d17 008a71 00170b 000000 000000 000000 0065b0 007fc5 000000 007dc2 0062aa 000216 000000 000000 000000 000000 000000 000000 000000 00031d 003d86 000007
t=590 000000 000000 000000 000000 000000 000000 000000 000000 000000 000000 000000 000000 000000 000000 000000 000000 000934 005fad 008dd3 0098dc 008fd6 0067b4 000b3b 000000 000000 000e42 003720 001c0d 000000 001f10 003e26 000502 000000 000000 000000 000000 000000 000000 000000 000000 000000 000000 000000 000000 000000 000000 000000 000000 00190c 008a75 002715 001c0d 002412 00816a 000e06 000000 000000 000000 006ab9 0085cd 000000 0083cb 0067b3 00031f 000000 000000 000000 000000 000000 000000 000000 000425 00418f 00000f
t=595 000000 000000 000000 000000 000000 000000 000000 000000 000000 000000 000000 000000 000000 000000 000000 000000 000a3d 0064b5 0093dc 009fe5 0095de 006dbd 000d44 000000 000000 00104b 002f1b 001309 000000 00160b 003520 000000 000000 000000 000000 000000 000000 000000 000000 000000 000000 000000 000000 000000 000000 000000 000000 000000 001008 00826e 001f10 001309 001b0e 007863 000502 000000 000000 000000 006fc1 008ad6 000000 0089d3 006cbc 000427 000000 000000 000000 000000 000000 000000 000000 00062e 004598 000118
t=600 000000 000000 000000 000000 000000 000000 000000 000000 000000 000000 000000 000000 000000 000000 000000 000000 000c46 0069be 0099e5 00a5ee 009be7 0072c5 000f4c 000000 000000 001253 002616 000a05 000000 000d07 002c1b 000000 000000 000000 000000 000000 000000 000000 000000 000000 000000 000000 000000 000000 000000 000000 000000 000000 000703 007966 00160c 000a05 001209 006f5c 000000 000000 000000 000000 0074ca 0090df 000000 008edc 0071c5 000530 000000 000000 000000 000000 000000 000000 000000 000737 0049a0 000121
t=605 000000 000000 000000 000000 000000 000000 000000 000000 000000 000000 000000 000000 000000 000000 000000 000000 000d4f 006ec7 009fee 00abf6 00a1f0 0077ce 001155 000000 000000 00145c 001d11 000100 000000 000502 002416 000000 000000 000000 000000 000000 000000 000000 000000 000000 000000 000000 000000 000000 000000 000000 000000 000000 000000 00705f 000d07 000100 000905 006754 000000 000000 000000 000000 0079d3 0096e8 000000 0094e5 0076ce 000639 000000 000000 000000 000000 000000 000000 000000 000840 004da9 00022a
t=610 000000 000000 000000 000000 000000 000000 000000 000000 000000 000000 000000 000000 000000 000000 000000 000000 000f58 0073d0 00a5f6 00b0fe 00a7f9 007cd7 00125e 000000 000000 001665 00140c 000000 000000 000000 001b10 000000 000000 000000 000000 000000 000000 000000 000000 000000 000000 000000 000000 000000 000000 000000 000000 000000 000000 006757 000402 000000 000100 005e4d 000000 000000 000000 000000 007fdc 009cf1 000000 009aee 007bd6 000742 000000 000000 000000 000000 000000 000000 000000 000949 0051b2 000333
t=615 000000 000000 000000 000000 000000 000000 000000 000000 000000 000000 000000 000000 000000 000000 000000 000000 001160 0078d9 00aafe 00aaf5 00a8fb 0081e0 001467 000000 000000 00186e 000b06 000000 000000 000000 00120b 000000 000000 000000 000000 000000 000000 000000 000000 000000 000000 000000 000000 000000 000000 000000 000000 000000 000000 005e50 000000 000000 000000 005546 000000 000000 000000 000000 0084e5 00a1f9 000000 009ff7 0081df 00074b 000000 000000 000000 000000 000000 000000 000000 000a51 0056bb 00033b
t=620 000000 000000 000000 000000 000000 000000 000000 000000 000000 000000 000000 000000 000000 000000 000000 000000 001269 007ce1 00a4f5 00a4ec 00a2f2 0086e9 001670 000000 000000 001a77 000201 000000 000000 000000 000905 000000 000000 000000 000000 000000 000000 000000 000000 000000 000000 000000 000000 000000 000000 000000 000000 000000 000000 005648 000000 000000 000000 004c3f 000000 000000 000000 000000 0089ed 00a2fb 000000 00a4fd 0086e8 000853 000000 000000 000000 000000 000000 000000 000000 000b5a 005ac4 000444
t=625 000000 000000 000000 000000 000000 000000 000000 000000 000000 000000 000000 000000 000000 000000 000000 000000 001472 0081ea 009eec 009ee3 009cea 008bf2 001879 000000 000000 001c80 000000 000000 000000 000000 000000 000000 000000 000000 000000 000000 000000 000000 000000 000000 000000 000000 000000 000000 000000 000000 000000 000000 000000 004d41 000000 000000 000000 004337 000000 000000 000000 000000 008ef6 009cf2 000000 009ef5 008bf1 00095c 000000 000000 000000 000000 000000 000000 000000 000c63 005ecd 00044d
t=630 000000 000000 000000 000000 000000 000000 000000 000000 000000 000000 000000 000000 000000 000000 000000 000001 00157b 0086f3 0098e3 0098db 0097e1 0090fa 001981 010007 010009 001e88 000000 000000 000000 000000 000000 000000 000000 000000 000000 000000 000000 000000 000000 000000 000000 000000 000000 000000 000000 000000 000000 000000 000000 004439 000000 000000 000000 003b30 000000 000000 000000 000000 0092fe 0097e9 000000 0098ec 0090fa 000a65 000000 000000 000000 000000 000000 000000 000000 000e6c 0062d5 000556
t=635 000000 000000 000000 000000 000000 000000 000000 000000 000000 000000 000000 000000 000000 000000 000000 01000a 001784 008bfc 0092db 0091d2 0091d8 0090fa 001b8a 030010 030012 002091 000000 000000 000000 000000 000000 000000 000000 000000 000000 000000 000000 000000 000000 000000 000000 000000 000000 000000 000000 000000 000000 000000 000000 003b32 000000 000000 000000 003229 000000 000000 000000 000000 008df5 0091e0 000000 0093e3 0090fa 000b6e 000000 000000 000000 000000 000000 000000 000000 000f75 0066de 00055f
t=640 000000 000000 000000 000000 000000 000000 000000 000000 000000 000000 000000 000000 000000 000000 000000 030013 00188c 0089f8 008cd2 008bc9 008bcf 008bf1 001d93 040019 04001b 00229a 000000 000000 000000 000000 000000 000000 000000 000000 000000 000000 000000 000000 000000 000000 000000 000000 000000 000000 000000 000000 000000 000000 000000 00322a 000000 000000 000000 002922 000000 000000 000000 000000 0088ec 008bd7 000000 008dda 008bf2 000c77 000000 000000 000000 000000 000000 000000 000003 00107e 006ae7 000668
t=645 000000 000000 000000 000000 000000 000000 000000 000000 000000 000000 000000 000000 000000 000000 000000 05001c 001a95 0084ef 0087c9 0085c0 0085c6 0086e8 001f9c 060022 050023 0024a3 000000 000000 000000 000000 000000 000000 000000 000000 000000 000000 000000 000000 000000 000000 000000 000000 000000 000000 000000 000000 000000 000000 000000 002923 000000 000000 000000 00201a 000000 000000 000000 000000 0083e3 0086cf 000000 0087d1 0086e9 000d80 010006 000000 000000 000000 000000 000000 02000c 001186 006ef0 000670
t=650 000000 000000 000000 000000 000000 000000 000000 000000 000000 000000 000000 000000 000000 000000 000000 060025 001b9e 007fe7 0081c0 007fb7 007fbe 0081df 0021a5 08002b 07002c 0026ac 000000 000000 000000 000000 000000 000000 000000 000000 000000 000000 000000 000000 000000 000000 000000 000000 000000 000000 000000 000000 000000 000000 000000 00211c 000000 000000 000000 001713 000000 000000 000000 000000 007edb 0080c6 000000 0082c9 0081e0 000e88 03000f 000000 000000 000000 000000 000000 050015 00128f 0072f9 000779
t=655 000000 000000 000000 000000 000000 000000 000000 000000 000000 000000 000000 000000 000000 000000 000000 08002d 001da7 007ade 007bb7 0079ae 0079b5 007bd7 0022ad 090033 080035 0028b5 000000 000000 000000 000000 000000 000000 000000 000000 000000 000000 000000 000000 000000 000000 000000 000000 000000 000000 000000 000000 000000 000000 000000 001814 000000 000000 000000 000e0c 000000 000000 000000 000000 0079d2 007abd 000000 007cc0 007cd7 000f91 060017 000000 000000 000000 000000 000000 07001e 001398 0073fb 000782
t=660 000000 000000 000000 000000 000000 000000 000000 000000 000000 000000 000000 000000 000000 000000 000000 0a0036 001fb0 0076d5 0075ae 0073a6 0073ac 0076ce 0024b6 0b003c 0a003e 002abd 000000 000000 000000 000000 000000 000000 000000 000000 000000 000000 000000 000000 000000 000000 000000 000000 000000 000000 000000 000000 000000 000000 000000 000f0d 000000 000000 000000 000605 000000 000000 000000 000000 0074c9 0074b4 000000 0076b7 0077ce 00109a 080020 000000 000000 000000 000000 000000 090027 0014a1 006ff3 00088b
t=665 000000 000000 000000 000000 000000 000000 000000 000000 000000 000000 000000 000000 000000 000000 000000 0b003f 0020b9 0071cc 006fa6 006d9d 006da3 0071c5 0026bf 0d0045 0b0047 002cc6 000000 000000 000000 000000 000000 000000 000000 000000 000000 000000 000000 000000 000000 000000 000000 000000 000000 000000 000000 000000 000000 000000 000000 000605 000000 000000 000000 000000 000000 000000 000000 000000 006fc0 006fab 000000 0070ae 0072c5 0011a3 0a0029 000000 000000 000000 000000 000000 0b002f 0016aa 006bea 000894
t=670 000000 000000 000000 000000 000000 000000 000000 000000 000000 000000 000000 020006 000000 010004 000000 0d0048 0022c1 006cc3 00699d 006794 00679a 006cbc 0028c8 0e004e 0d004f 002ecf 000000 000000 000000 000000 000000 000000 000000 000000 000000 000000 000000 000000 000000 000000 000000 000000 000000 000000 000000 000000 000000 000000 000000 000000 000000 000000 000000 000000 000000 000000 000000 000000 0069b7 0069a3 000000 006ba5 006dbd 0012ac 0d0032 000000 000000 010003 000000 000000 0d0038 0017b3 0067e1 00099d
t=675 000000 000000 000000 000000 000000 000000 000000 000000 000000 000000 000000 06000f 000000 05000d 000000 0f0051 0023ca 0067bb 006394 00608b 006191 0067b3 0029d1 100057 0e0058 0030d8 000000 000000 000000 000000 000000 000000 000000 000000 000000 000000 000000 000000 000000 000000 000000 000000 000000 000000 000000 000000 000000 000000 000000 000000 000000 000000 000000 000000 000000 000000 000000 000000 0064ae 00639a 000000 00659c 0067b4 0013b4 0f003b 000000 020005 04000c 030007 000000 0f0041 0018bb 0063d8 0009a5
t=680 000000 000000 000000 000000 000000 000000 000000 000000 000000 000000 030008 090018 000000 080016 020004 100059 0025d3 0062b2 005d8b 005a82 005b89 0062aa 002bda 12005f 100061 0032e1 000000 000000 000000 000000 000000 000000 000000 000000 000000 000000 000000 000000 000000 000000 000000 000000 000000 000000 000000 000000 000000 000000 000000 000000 000000 000000 000000 000000 000000 000000 000000 000000 005fa6 005e91 000000 005f94 0062ab 0014bd 110044 000000 06000e 080015 070010 000000 11004a 0019c4 005fcf 000aae
t=685 000000 000000 000000 000000 000000 000000 000000 000000 000000 000000 070011 0d0021 000000 0c001f 06000d 120062 0026dc 005da9 005782 00547a 005680 005da2 002de2 130068 11006a 0034e9 000000 000000 000000 000000 000000 000000 000000 000000 000000 000000 000000 000000 000000 000000 000000 000000 000000 000000 000000 000000 000000 000000 000000 000000 000000 000000 000000 000000 000000 000000 000000 000000 005a9d 005888 000000 005a8b 005da2 0015c6 13004c 000000 090017 0c001e 0a0019 000000 130053 001acd 005bc7 000ab7
t=690 000000 000000 000000 000000 000000 000000 000000 000000 000000 000000 0b0019 100029 000000 100028 0a0016 14006b 0028e5 0058a0 00517a 004e71 005077 005899 002feb 150071 120073 0036f2 000000 000000 000000 000000 000000 000000 000000 000000 000000 000000 000000 000000 000000 000000 000000 000000 000000 000000 000000 000000 000000 000000 000000 000000 000000 000000 000000 000000 000000 000000 000000 000000 005594 00527f 000000 005482 005899 0015cf 160055 000000 0d0020 0f0026 0e0022 000000 15005b 001bd6 0057be 000bc0
t=695 000000 000000 000000 000000 000000 000000 000000 000000 000000 000000 0f0022 140032 000000 130030 0e001e 150074 002aee 005397 004b71 004868 004a6e 005390 0030f4 17007a 14007c 0038fb 000000 000000 000000 000000 000000 000000 000000 000000 000000 000000 000000 000000 000000 000000 000000 000000 000000 000000 000000 000000 000000 000000 000000 000000 000000 000000 000000 000000 000000 000000 000000 000000 00508b 004c76 000000 004e79 005391 0016d8 18005e 000000 110029 13002f 12002b 000000 170064 001cdf 0053b5 000bc9
t=700 000000 000000 000000 000000 000000 000000 000000 000000 000000 000000 13002b 17003b 000000 170039 120027 17007d 002bf6 004f8e 004568 00425f 004465 004e87 0032fd 180083 150084 0037f9 000000 000000 000000 000000 000000 000000 000000 000000 000000 000000 000000 000000 000000 000000 000000 000000 000000 000000 000000 000000 000000 000000 000000 000000 000000 000000 000000 000000 000000 000000 000000 000000 004b82 00476e 000000 004870 004e88 0017e1 1a0067 000000 150031 160038 150033 000000 19006d 001ee7 004fac 000cd1
t=705 000000 000000 000000 000000 000000 000000 000000 000000 000000 000000 170034 1b0044 000000 1a0042 160030 190086 002cfe 004a86 00405f 003c56 003e5c 00497e 0031f7 1a008c 17008d 0035f0 000000 000000 000000 000000 000000 000000 000000 000000 000000 000000 000000 000000 000000 000000 000000 000000 000000 000000 000000 000000 000000 000000 000000 000000 000000 000000 000000 000000 000000 000000 000000 000000 00467a 004165 000000 004367 00497f 0018e9 1d0070 000000 18003a 1a0041 19003c 000000 1b0076 001ff0 004ba3 000cda
t=710 000000 000000 000000 000000 000000 000000 000000 000000 000000 000000 1b003d 1e004d 000000 1e004b 1b0039 1a008e 002bf5 00457d 003a56 00364d 003854 004475 002fee 1c0094 180096 0033e7 000000 000000 000000 000000 000000 000000 000000 000000 000000 000000 000000 000000 000000 000000 000000 000000 000000 000000 000000 000000 000000 000000 000000 000000 000000 000000 000000 000000 000000 000000 000000 000000 004171 003b5c 000000 003d5f 004476 0019f2 1f0078 000000 1c0043 1d004a 1d0045 020004 1d007f 0020f9 00479a 000de3
t=715 000000 000000 000000 000000 000000 000000 000000 000000 000000 000000 1f0046 220056 000000 210054 1f0042 1c0097 0029ec 004074 00344d 002f45 00324b 003e6d 002ee6 1d009d 1a009f 0031df 000000 000000 000000 000000 000000 000000 000000 000000 000000 000000 000000 000000 000000 000000 000000 000000 000000 000000 000000 000000 000000 000000 000000 000000 000000 000000 000000 000000 000000 000000 000000 000000 003c68 003653 000000 003756 003f6d 001afb 210081 040007 20004c 210053 21004e 08000c 200088 0020fb 004392 000dec
t=720 000000 000000 000000 000000 000000 000000 000000 000000 000000 000000 23004e 25005e 000000 25005c 23004b 1e00a0 0028e3 003b6b 002e45 00293c 002c42 003964 002cdd 1f00a6 1b00a8 002fd6 000000 000000 000000 000000 000000 000000 000000 000000 000000 000000 000000 000000 000000 000000 000000 000000 000000 000000 000000 000000 000000 000000 000000 000000 000000 000000 000000 000000 000000 000000 000000 000000 00375f 00304a 000000 00324d 003a64 001af9 23008a 0a000f 240055 24005b 240057 0d0015 220090 001ff2 003e89 000ef5
t=725 000000 000000 000000 000000 000000 000000 000000 000000 000000 000000 270057 290067 000000 280065 270053 1f00a9 0026db 003662 00283c 002333 002639 00345b 002ad4 2100af 1d00b1 002dcd 000000 000000 000000 000000 000000 000000 000000 000000 000000 000000 000000 000000 000000 000000 000000 000000 000000 000000 000000 000000 000000 000000 000000 000000 000000 000000 000000 000000 000000 000000 000000 000000 003256 002a41 000000 002c44 00355c 0019f0 260093 100018 27005d 280064 280060 13001e 240099 001ee9 003a80 000efe
t=730 000000 000000 000000 000000 000000 000000 000000 000000 000000 000000 2b0060 2d0070 000000 2c006e 2b005c 2100b2 0025d2 003159 002233 001d2a 002030 002f52 0028cb 2200b8 1e00b9 002bc4 000000 000000 000000 000000 000000 000000 000000 000000 000000 000000 000000 000000 000000 000000 000000 000000 000000 000000 000000 000000 000000 000000 000000 000000 000000 000000 000000 000000 000000 000000 000000 000000 002c4d 002439 000000 00263b 003053 0018e7 28009c 160021 2b0066 2b006d 2c0068 180027 2600a2 001de1 003677 000ef7
t=735 000000 000000 000000 000000 000000 000000 000000 000000 000000 000000 2f0069 300079 000000 2f0077 2f0065 2300bb 0023c9 002c51 001c2a 001721 001a28 002a49 0026c2 2400c0 2000c2 0029bb 000000 000000 000000 000000 000000 000000 000000 000000 000000 000000 000000 000000 000000 000000 000000 000000 000000 000000 000000 000000 000000 000000 000000 000000 000000 000000 000000 000000 000000 000000 000000 000000 002745 001f30 000000 002133 002a4a 0017df 2a00a5 1b002a 2f006f 2f0076 300071 1e0030 2800ab 001bd8 00326e 000eee
t=740 000000 000000 000000 000000 000000 000000 000000 000000 000000 000000 330072 340082 000000 330080 33006e 2400c3 0021c0 002748 001621 001118 00141f 002541 0025ba 2500c9 2100cb 0028b2 000000 000000 000000 000000 000000 000000 000000 000000 000000 000000 000000 000000 000000 000000 000000 000000 000000 000000 000000 000000 000000 000000 000000 000000 000000 000000 000000 000000 000000 000000 000000 000000 00223c 001927 000000 001b2a 002541 0016d6 2d00ad 210033 330078 32007f 33007a 240038 2a00b4 001acf 002e65 000de5
t=745 000000 000000 000000 000000 000000 000000 000000 000000 000000 000000 37007b 37008b 000000 360089 380077 2600cc 0020b7 00233f 001018 000b10 000f16 002038 0023b1 2700d2 2200d4 0026aa 000000 000000 000000 000000 000000 000000 000000 000000 000000 000000 000000 000000 000000 000000 000000 000000 000000 000000 000000 000000 000000 000000 000000 000000 000000 000000 000000 000000 000000 000000 000000 000000 001d33 00131e 000000 001521 002038 0015cd 2f00b6 27003c 360081 360087 370083 290041 2c00bd 0019c6 002a5d 000cdc
t=750 000000 000000 000000 000000 000000 000000 000000 000000 000000 000000 3a0083 3b0093 000000 3a0091 3c007f 2800d5 001eae 001e36 000a10 000507 00090d 001b2f 0021a8 2900db 2400dd 0024a1 000000 000000 000000 000000 000000 000000 000000 000000 000000 000000 000000 000000 000000 000000 000000 000000 000000 000000 000000 000000 000000 000000 000000 000000 000000 000000 000000 000000 000000 000000 000000 000000 00182a 000e15 000000 000f18 001b2f 0014c4 3100bf 2d0044 3a008a 390090 3b008c 2f004a 2e00c5 0018bd 002654 000cd3
t=755 000000 000000 000000 000000 000000 000000 000000 000000 000000 000000 3e008c 3e009c 000000 3d009a 400088 2900de 001da6 00192d 000407 000000 000304 001626 001f9f 2a00e4 2500e5 002298 000000 000000 000000 000000 000000 000000 000000 000000 000000 000000 000000 000000 000000 000000 000000 000000 000000 000000 000000 000000 000000 000000 000000 000000 000000 000000 000000 000000 000000 000000 000000 000000 001321 00080d 000000 000a0f 001627 0013bb 3300c8 33004d 3e0092 3d0099 3f0094 350053 3000ce 0017b4 00224b 000bcb
t=760 000000 000000 000000 000000 000000 000000 000000 000000 000000 000000 420095 4200a5 000000 4100a3 440091 2b00e7 001b9d 001425 000000 000000 000000 00111d 001e96 2c00ed 2700ee 00208f 000000 000000 000000 000000 000000 000000 000000 000000 000000 000000 000000 000000 000000 000000 000000 000000 000000 000000 000000 000000 000000 000000 000000 000000 000000 000000 000000 000000 000000 000000 000000 000000 000e19 000204 000000 000406 00111e 0012b3 3600d1 380056 41009b 4000a2 42009d 3a005c 3200d7 0016ac 001e42 000bc2
t=765 000000 000000 000000 000000 000000 000000 000000 000000 000000 000000 46009e 4500ae 000000 4400ac 48009a 2d00ef 001a94 000f1c 000000 000000 000000 000c14 001c8d 2e00f5 2800f7 001e86 000000 000000 000000 000000 000000 000000 000000 000000 000000 000000 000000 000000 000000 000000 000000 000000 000000 000000 000000 000000 000000 000000 000000 000000 000000 000000 000000 000000 000000 000000 000000 000000 000910 000000 000000 000000 000c15 0012aa 3800da 3e005f 4500a4 4400ab 4600a6 400065 3400e0 0015a3 001a39 000ab9
t=770 000000 000000 000000 000000 000000 000000 000000 000000 000000 000000 4a00a7 4900b7 000000 4800b5 4c00a3 2e00f8 00188b 000a13 000000 000000 000000 00060c 001a85 2f00fe 2900fd 001c7e 000000 000000 000000 000000 000000 000000 000000 000000 000000 000000 000000 000000 000000 000000 000000 000000 000000 000000 000000 000000 000000 000000 000000 000000 000000 000000 000000 000000 000000 000000 000000 000000 000407 000000 000000 000000 00070c 0011a1 3a00e2 440068 4900ad 4800b4 4a00af 45006d 3600e9 00139a 001631 000ab0
t=775 000000 000000 000000 000000 000000 000000 000000 000000 000000 000000 4e00af 4c00bf 000000 4b00bd 5000ac 2f00fc 001782 00050a 000000 000000 000000 000103 00187c 2e00f6 2800f4 001a75 000000 000000 000000 000000 000000 000000 000000 000000 000000 000000 000000 000000 000000 000000 000000 000000 000000 000000 000000 000000 000000 000000 000000 000000 000000 000000 000000 000000 000000 000000 000000 000000 000000 000000 000000 000000 000203 001098 3d00eb 4a0070 4d00b6 4b00bc 4e00b8 4b0076 3800f1 001291 001228 0009a7
t=780 000000 000000 000000 000000 000000 000000 000000 000000 000000 000000 5200b8 5000c8 000000 4f00c6 5500b4 2d00f3 00157a 000001 000000 000000 000000 000000 001773 2c00ed 2600eb 00186c 000000 000000 000000 000000 000000 000000 000000 000000 000000 000000 000000 000000 000000 000000 000000 000000 000000 000000 000000 000000 000000 000000 000000 000000 000000 000000 000000 000000 000000 000000 000000 000000 000000 000000 000000 000000 000000 000f8f 3f00f4 500079 5000bf 4f00c5 5100c1 51007f 3b00fa 001188 000e1f 00099e
t=785 000000 000000 000000 000000 000000 000000 000000 000000 000000 000000 5600c1 5300d1 000000 5300cf 5900bd 2c00ea 001371 000000 000000 000000 000000 000000 00156a 2b00e4 2500e3 001663 000000 000000 000000 000000 000000 000000 000000 000000 000000 000000 000000 000000 000000 000000 000000 000000 000000 000000 000000 000000 000000 000000 000000 000000 000000 000000 000000 000000 000000 000000 000000 000000 000000 000000 000000 000000 000000 000e86 4100fd 560082 5400c7 5200ce 5500c9 560088 3a00fa 001080 000a16 000896
t=790 000000 000000 000000 000000 000000 000000 000000 000000 000000 000000 5a00ca 5700da 000000 5600d8 5d00c6 2a00e1 001268 000000 000000 000000 000000 000000 001361 2900db 2300da 00145a 000000 000000 000000 000000 000000 000000 000000 000000 000000 000000 000000 000000 000000 000000 000000 000000 000000 000000 000000 000000 000000 000000 000000 000000 000000 000000 000000 000000 000000 000000 000000 000000 000000 000000 000000 000000 000000 000d7e 4000f7 5b008b 5800d0 5600d7 5900d2 5c0091 3800f1 000f77 00060d 00088d
t=795 000000 000000 000000 000000 000000 000000 000000 000000 000000 000000 5e00d3 5a00e3 000000 5a00e1 6100cf 2800d9 00105f 000000 000000 000000 000000 000000 001158 2700d3 2200d1 001251 000000 000000 000000 000000 000000 000000 000000 000000 000000 000000 000000 000000 000000 000000 000000 000000 000000 000000 000000 000000 000000 000000 000000 000000 000000 000000 000000 000000 000000 000000 000000 000000 000000 000000 000000 000000 000000 000c75 3d00ef 610094 5c00d9 5900e0 5c00db 61009a 3600e8 000e6e 000204 000784
t=800 000000 000000 000000 000000 000000 000000 000000 000000 000000 000000 6200dc 5e00ec 000000 5d00ea 6500d8 2700d0 000f56 000000 000000 000000 000000 000000 001050 2600ca 2100c8 001049 000000 000000 000000 000000 000000 000000 000000 000000 000000 000000 000000 000000 000000 000000 000000 000000 000000 000000 000000 000000 000000 000000 000000 000000 000000 000000 000000 000000 000000 000000 000000 000000 000000 000000 000000 000000 000000 000b6c 3b00e6 67009d 5f00e2 5d00e9 6000e4 6700a2 3400df 000d65 000000 00077b
t=805 000000 000000 000000 000000 000000 000000 000000 000000 000000 000000 6600e4 6100f4 000000 6100f2 6900e1 2500c7 000d4d 000000 000000 000000 000000 000000 000e47 2400c1 1f00bf 000e40 000000 000000 000000 000000 000000 000000 000000 000000 000000 000000 000000 000000 000000 000000 000000 000000 000000 000000 000000 000000 000000 000000 000000 000000 000000 000000 000000 000000 000000 000000 000000 000000 000000 000000 000000 000000 000000 000a63 3900dd 6d00a5 6300eb 6000f1 6400ed 6d00ab 3200d7 000c5c 000000 000672
t=810 000000 000000 000000 000000 000000 000000 000000 000000 000000 000000 6a00ed 6500fd 000000 6400fb 6e00e9 2300be 000c45 000000 000000 000000 000000 000000 000c3e 2200b8 1e00b6 000c37 000000 000000 000000 000000 000000 000000 000000 000000 000000 000000 000000 000000 000000 000000 000000 000000 000000 000000 000000 000000 000000 000000 000000 000000 000000 000000 000000 000000 000000 000000 000000 000000 000000 000000 000000 000000 000000 00095a 3700d4 7300ae 6700f3 6400fa 6800f6 7200b4 3000ce 000a53 000000 000669
t=815 000000 000000 000000 000000 000000 000000 000000 000000 000000 000000 6e00f6 6200f7 000000 6300f9 7200f2 2200b5 000a3c 000000 000000 000000 000000 000000 000a35 2100af 1c00ae 000a2e 000000 000000 000000 000000 000000 000000 000000 000000 000000 000000 000000 000000 000000 000000 000000 000000 000000 000000 000000 000000 000000 000000 000000 000000 000000 000000 000000 000000 000000 000000 000000 000000 000000 000000 000000 000000 000000 000851 3400cb 7800b7 6b00fc 6400fa 6b00fe 7800bd 2e00c5 00094b 000000 000561
t=820 000000 000000 000000 000000 000000 000000 000000 000000 000000 000000 7100fe 5f00ee 000000 6000f0 7600fb 2000ad 000933 000000 000000 000000 000000 000000 00082c 1f00a7 1b00a5 000825 000000 000000 000000 000000 000000 000000 000000 000000 000000 000000 000000 000000 000000 000000 000000 000000 000000 000000 000000 000000 000000 000000 000000 000000 000000 000000 000000 000000 000000 000000 000000 000000 000000 000000 000000 000000 000000 000749 3200c2 7e00c0 6900f8 6000f1 6800f6 7d00c6 2c00bc 000842 000000 000558
t=825 000000 000000 000000 000000 000000 000000 000000 000000 000000 000000 6d00f5 5b00e5 000000 5c00e7 7500f9 1e00a4 00072a 000000 000000 000000 000000 000000 000724 1d009e 19009c 00061d 000000 000000 000000 000000 000000 000000 000000 000000 000000 000000 000000 000000 000000 000000 000000 000000 000000 000000 000000 000000 000000 000000 000000 000000 000000 000000 000000 000000 000000 000000 000000 000000 000000 000000 000000 000000 000000 000640 3000ba 8400c9 6500ef 5d00e8 6400ed 8300ce 2a00b3 000739 000000 00044f
t=830 000000 000000 000000 000000 000000 000000 000000 000000 000000 000000 6900ec 5800dc 000000 5900de 7100f0 1d009b 000521 000000 000000 000000 000000 000000 00051b 1c0095 180093 000414 000000 000000 000000 000000 000000 000000 000000 000000 000000 000000 000000 000000 000000 000000 000000 000000 000000 000000 000000 000000 000000 000000 000000 000000 000000 000000 000000 000000 000000 000000 000000 000000 000000 000000 000000 000000 000000 000537 2d00b1 8a00d2 6100e6 5900e0 6000e4 8900d7 2800ab 000630 000000 000446
t=835 000000 000000 000000 000000 000000 000000 000000 000000 000000 000000 6500e4 5400d4 000000 5500d6 6d00e8 1b0092 000418 000000 000000 000000 000000 000000 000312 1a008c 16008a 00020b 000000 000000 000000 000000 000000 000000 000000 000000 000000 000000 000000 000000 000000 000000 000000 000000 000000 000000 000000 000000 000000 000000 000000 000000 000000 000000 000000 000000 000000 000000 000000 000000 000000 000000 000000 000000 000000 00042e 2b00a8 9000da 5d00dd 5600d7 5d00db 8e00e0 2600a2 000527 000000 00033d
t=840 000000 000000 000000 000000 000000 000000 000000 000000 000000 000000 6200db 5100cb 000000 5200cd 6900df 190089 000210 000000 000000 000000 000000 000000 000109 180083 150082 000002 000000 000000 000000 000000 000000 000000 000000 000000 000000 000000 000000 000000 000000 000000 000000 000000 000000 000000 000000 000000 000000 000000 000000 000000 000000 000000 000000 000000 000000 000000 000000 000000 000000 000000 000000 000000 000000 000425 29009f 9500e3 5a00d5 5200ce 5900d3 9400e9 240099 00041f 000000 000335
t=845 000000 000000 000000 000000 000000 000000 000000 000000 000000 000000 5e00d2 4d00c2 000000 4e00c4 6400d6 180080 000107 000000 000000 000000 000000 000000 000000 17007a 130079 000000 000000 000000 000000 000000 000000 000000 000000 000000 000000 000000 000000 000000 000000 000000 000000 000000 000000 000000 000000 000000 000000 000000 000000 000000 000000 000000 000000 000000 000000 000000 000000 000000 000000 000000 000000 000000 000000 00031d 270096 9b00ec 5600cc 4f00c5 5500ca 9900f2 220090 000216 000000 00022c
t=850 000000 000000 000000 000000 000000 000000 000000 000000 000000 000000 5a00c9 4a00b9 000000 4b00bb 6000cd 160078 000000 000000 000000 000000 000000 000000 000000 150072 120070 000000 000000 000000 000000 000000 000000 000000 000000 000000 000000 000000 000000 000000 000000 000000 000000 000000 000000 000000 000000 000000 000000 000000 000000 000000 000000 000000 000000 000000 000000 000000 000000 000000 000000 000000 000000 000000 000000 000214 24008d a100f5 5200c3 4b00bc 5100c1 9f00fb 1f0087 00010d 000000 000223
t=855 000000 000000 000000 000000 000000 000000 000000 000000 000000 000000 5600c0 4600b0 000000 4700b2 5c00c4 14006f 000000 000000 000000 000000 000000 000000 000000 130069 110067 000000 000000 000000 000000 000000 000000 000000 000000 000000 000000 000000 000000 000000 000000 000000 000000 000000 000000 000000 000000 000000 000000 000000 000000 000000 000000 000000 000000 000000 000000 000000 000000 000000 000000 000000 000000 000000 000000 00010b 220085 a700fe 4f00ba 4700b3 4e00b8 9e00fa 1d007e 000004 000000 00011a
t=860 000000 000000 000000 000000 000000 000000 000000 000000 000000 000000 5200b8 4300a8 000000 4400aa 5800bb 130066 000000 000000 000000 000000 000000 000000 000000 120060 0f005e 000000 000000 000000 000000 000000 000000 000000 000000 000000 000000 000000 000000 000000 000000 000000 000000 000000 000000 000000 000000 000000 000000 000000 000000 000000 000000 000000 000000 000000 000000 000000 000000 000000 000000 000000 000000 000000 000000 000002 20007c a200f7 4b00b1 4400ab 4a00af 9900f1 1b0076 000000 000000 000111
t=865 000000 000000 000000 000000 000000 000000 000000 000000 000000 000000 4e00af 3f009f 000000 4000a1 5400b3 11005d 000000 000000 000000 000000 000000 000000 000000 100057 0e0055 000000 000000 000000 000000 000000 000000 000000 000000 000000 000000 000000 000000 000000 000000 000000 000000 000000 000000 000000 000000 000000 000000 000000 000000 000000 000000 000000 000000 000000 000000 000000 000000 000000 000000 000000 000000 000000 000000 000000 1d0073 9c00ee 4700a8 4000a2 4600a6 9300e8 19006d 000000 000000 000008
t=870 000000 000000 000000 000000 000000 000000 000000 000000 000000 000000 4a00a6 3c0096 000000 3c0098 5000aa 0f0054 000000 000000 000000 000000 000000 000000 000000 0e004e 0c004d 000000 000000 000000 000000 000000 000000 000000 000000 000000 000000 000000 000000 000000 000000 000000 000000 000000 000000 000000 000000 000000 000000 000000 000000 000000 000000 000000 000000 000000 000000 000000 000000 000000 000000 000000 000000 000000 000000 000000 1b006a 9700e5 4300a0 3d0099 42009e 8e00df 170064 000000 000000 000000
t=875 000000 000000 000000 000000 000000 000000 000000 000000 000000 000000 46009d 38008d 000000 39008f 4b00a1 0e004b 000000 000000 000000 000000 000000 000000 000000 0d0045 0b0044 000000 000000 000000 000000 000000 000000 000000 000000 000000 000000 000000 000000 000000 000000 000000 000000 000000 000000 000000 000000 000000 000000 000000 000000 000000 000000 000000 000000 000000 000000 000000 000000 000000 000000 000000 000000 000000 000000 000000 190061 9100dc 400097 390090 3f0095 8800d6 15005b 000000 000000 000000
t=880 000000 000000 000000 000000 000000 000000 000000 000000 000000 000000 420094 350084 000000 350086 470098 0c0043 000000 000000 000000 000000 000000 000000 000000 0b003d 09003b 000000 000000 000000 000000 000000 000000 000000 000000 000000 000000 000000 000000 000000 000000 000000 000000 000000 000000 000000 000000 000000 000000 000000 000000 000000 000000 000000 000000 000000 000000 000000 000000 000000 000000 000000 000000 000000 000000 000000 170059 8b00d3 3c008e 360087 3b008c 8200ce 130052 000000 000000 000000
t=885 000000 000000 000000 000000 000000 000000 000000 000000 000000 000000 3e008b 31007b 000000 32007d 43008f 0a003a 000000 000000 000000 000000 000000 000000 000000 090034 080032 000000 000000 000000 000000 000000 000000 000000 000000 000000 000000 000000 000000 000000 000000 000000 000000 000000 000000 000000 000000 000000 000000 000000 000000 000000 000000 000000 000000 000000 000000 000000 000000 000000 000000 000000 000000 000000 000000 000000 140050 8500ca 380085 32007f 370083 7d00c5 110049 000000 000000 000000
t=890 000000 000000 000000 000000 000000 000000 000000 000000 000000 000000 3a0083 2e0073 000000 2e0075 3f0086 090031 000000 000000 000000 000000 000000 000000 000000 08002b 060029 000000 000000 000000 000000 000000 000000 000000 000000 000000 000000 000000 000000 000000 000000 000000 000000 000000 000000 000000 000000 000000 000000 000000 000000 000000 000000 000000 000000 000000 000000 000000 000000 000000 000000 000000 000000 000000 000000 000000 120047 7f00c2 34007c 2f0076 34007a 7700bc 0f0041 000000 000000 000000
t=895 000000 000000 000000 000000 000000 000000 000000 000000 000000 000000 36007a 2a006a 000000 2b006c 3b007e 070028 000000 000000 000000 000000 000000 000000 000000 060022 050020 000000 000000 000000 000000 000000 000000 000000 000000 000000 000000 000000 000000 000000 000000 000000 000000 000000 000000 000000 000000 000000 000000 000000 000000 000000 000000 000000 000000 000000 000000 000000 000000 000000 000000 000000 000000 000000 000000 000000 10003e 7a00b9 310074 2b006d 300071 7200b3 0d0038 000000 000000 000000
t=900 000000 000000 000000 000000 000000 000000 000000 000000 000000 000000 320071 260061 000000 270063 370075 05001f 000000 000000 000000 000000 000000 000000 000000 040019 030018 000000 000000 000000 000000 000000 000000 000000 000000 000000 000000 000000 000000 000000 000000 000000 000000 000000 000000 000000 000000 000000 000000 000000 000000 000000 000000 000000 000000 000000 000000 000000 000000 000000 000000 000000 000000 000000 000000 000000 0d0035 7400b0 2d006b 280064 2c0069 6c00aa 0b002f 000000 000000 000000
t=905 000000 000000 000000 000000 000000 000000 000000 000000 000000 000000 2e0068 230058 000000 24005a 33006c 040017 000000 000000 000000 000000 000000 000000 000000 030011 02000f 000000 000000 000000 000000 000000 000000 000000 000000 000000 000000 000000 000000 000000 000000 000000 000000 000000 000000 000000 000000 000000 000000 000000 000000 000000 000000 000000 000000 000000 000000 000000 000000 000000 000000 000000 000000 000000 000000 000000 0b002c 6e00a7 290062 24005b 280060 6600a1 090026 000000 000000 000000
t=910 000000 000000 000000 000000 000000 000000 000000 000000 000000 000000 2a005f 1f004f 000000 200051 2e0063 02000e 000000 000000 000000 000000 000000 000000 000000 010008 010006 000000 000000 000000 000000 000000 000000 000000 000000 000000 000000 000000 000000 000000 000000 000000 000000 000000 000000 000000 000000 000000 000000 000000 000000 000000 000000 000000 000000 000000 000000 000000 000000 000000 000000 000000 000000 000000 000000 000000 090024 68009e 250059 210052 250057 610099 07001d 000000 000000 000000
t=915 000000 000000 000000 000000 000000 000000 000000 000000 000000 000000 260056 1c0047 000000 1d0048 2a005a 010005 000000 000000 000000 000000 000000 000000 000000 000000 000000 000000 000000 000000 000000 000000 000000 000000 000000 000000 000000 000000 000000 000000 000000 000000 000000 000000 000000 000000 000000 000000 000000 000000 000000 000000 000000 000000 000000 000000 000000 000000 000000 000000 000000 000000 000000 000000 000000 000000 07001b 620095 220050 1d004a 21004e 5b0090 040015 000000 000000 000000
t=920 000000 000000 000000 000000 000000 000000 000000 000000 000000 000000 22004e 18003e 000000 190040 260052 000000 000000 000000 000000 000000 000000 000000 000000 000000 000000 000000 000000 000000 000000 000000 000000 000000 000000 000000 000000 000000 000000 000000 000000 000000 000000 000000 000000 000000 000000 000000 000000 000000 000000 000000 000000 000000 000000 000000 000000 000000 000000 000000 000000 000000 000000 000000 000000 000000 040012 5d008d 1e0047 1a0041 1d0045 560087 02000c 000000 000000 000000
t=925 000000 000000 000000 000000 000000 000000 000000 000000 000000 000000 1e0045 150035 000000 160037 220049 000000 000000 000000 000000 000000 000000 000000 000000 000000 000000 000000 000000 000000 000000 000000 000000 000000 000000 000000 000000 000000 000000 000000 000000 000000 000000 000000 000000 000000 000000 000000 000000 000000 000000 000000 000000 000000 000000 000000 000000 000000 000000 000000 000000 000000 000000 000000 000000 000000 020009 570084 1a003f 160038 19003d 50007e 000003 000000 000000 000000
t=930 000000 000000 000000 000000 000000 000000 000000 000000 000000 000000 1b003c 11002c 000000 12002e 1e0040 000000 000000 000000 000000 000000 000000 000000 000000 000000 000000 000000 000000 000000 000000 000000 000000 000000 000000 000000 000000 000000 000000 000000 000000 000000 000000 000000 000000 000000 000000 000000 000000 000000 000000 000000 000000 000000 000000 000000 000000 000000 000000 000000 000000 000000 000000 000000 000000 000000 000000 51007b 160036 13002f 160034 4a0075 000000 000000 000000 000000
t=935 000000 000000 000000 000000 000000 000000 000000 000000 000000 000000 170033 0e0023 000000 0f0025 1a0037 000000 000000 000000 000000 000000 000000 000000 000000 000000 000000 000000 000000 000000 000000 000000 000000 000000 000000 000000 000000 000000 000000 000000 000000 000000 000000 000000 000000 000000 000000 000000 000000 000000 000000 000000 000000 000000 000000 000000 000000 000000 000000 000000 000000 000000 000000 000000 000000 000000 000000 4b0072 13002d 0f0026 12002b 45006c 000000 000000 000000 000000
t=940 000000 000000 000000 000000 000000 000000 000000 000000 000000 000000 13002a 0a001a 000000 0b001c 15002e 000000 000000 000000 000000 000000 000000 000000 000000 000000 000000 000000 000000 000000 000000 000000 000000 000000 000000 000000 000000 000000 000000 000000 000000 000000 000000 000000 000000 000000 000000 000000 000000 000000 000000 000000 000000 000000 000000 000000 000000 000000 000000 000000 000000 000000 000000 000000 000000 000000 000000 450069 0f0024 0b001d 0e0022 3f0064 000000 000000 000000 000000
t=945 000000 000000 000000 000000 000000 000000 000000 000000 000000 000000 0f0022 070012 000000 080014 110025 000000 000000 000000 000000 000000 000000 000000 000000 000000 000000 000000 000000 000000 000000 000000 000000 000000 000000 000000 000000 000000 000000 000000 000000 000000 000000 000000 000000 000000 000000 000000 000000 000000 000000 000000 000000 000000 000000 000000 000000 000000 000000 000000 000000 000000 000000 000000 000000 000000 000000 3f0061 0b001b 080015 0a0019 3a005b 000000 000000 000000 000000
t=950 000000 000000 000000 000000 000000 000000 000000 000000 000000 000000 0b0019 030009 000000 04000b 0d001d 000000 000000 000000 000000 000000 000000 000000 000000 000000 000000 000000 000000 000000 000000 000000 000000 000000 000000 000000 000000 000000 000000 000000 000000 000000 000000 000000 000000 000000 000000 000000 000000 000000 000000 000000 000000 000000 000000 000000 000000 000000 000000 000000 000000 000000 000000 000000 000000 000000 000000 3a0058 080013 04000c 070010 340052 000000 000000 000000 000000
t=955 000000 000000 000000 000000 000000 000000 000000 000000 000000 000000 070010 000000 000000 000002 090014 000000 000000 000000 000000 000000 000000 000000 000000 000000 000000 000000 000000 000000 000000 000000 000000 000000 000000 000000 000000 000000 000000 000000 000000 000000 000000 000000 000000 000000 000000 000000 000000 000000 000000 000000 000000 000000 000000 000000 000000 000000 000000 000000 000000 000000 000000 000000 000000 000000 000000 34004f 04000a 010003 030008 2e0049 000000 000000 000000 000000
t=960 000000 000000 000000 000000 000000 000000 000000 000000 000000 000000 030007 000000 000000 000000 05000b 000000 000000 000000 000000 000000 000000 000000 000000 000000 000000 000000 000000 000000 000000 000000 000000 000000 000000 000000 000000 000000 000000 000000 000000 000000 000000 000000 000000 000000 000000 000000 000000 000000 000000 000000 000000 000000 000000 000000 000000 000000 000000 000000 000000 000000 000000 000000 000000 000000 000000 2e0046 000001 000000 000000 290040 000000 000000 000000 000000
t=965 000000 000000 000000 000000 000000 000000 000000 000000 000000 000000 000000 000000 000000 000000 010002 000000 000000 000000 000000 000000 000000 000000 000000 000000 000000 000000 000000 000000 000000 000000 000000 000000 000000 000000 000000 000000 000000 000000 000000 000000 000000 000000 000000 000000 000000 000000 000000 000000 000000 000000 000000 000000 000000 000000 000000 000000 000000 000000 000000 000000 000000 000000 000000 000000 000000 28003d 000000 000000 000000 230038 000000 000000 000000 000000
t=970 000000 000000 000000 000000 000000 000000 000000 000000 000000 000000 000000 000000 000000 000000 000000 000000 000000 000000 000000 000000 000000 000000 000000 000000 000000 000000 000000 000000 000000 000000 000000 000000 000000 000000 000000 000000 000000 000000 000000 000000 000000 000000 000000 000000 000000 000000 000000 000000 000000 000000 000000 000000 000000 000000 000000 000000 000000 000000 000000 000000 000000 000000 000000 000000 000000 220034 000000 000000 000000 1d002f 000000 000000 000000 000000
t=975 000000 000000 000000 000000 000000 000000 000000 000000 000000 000000 000000 000000 000000 000000 000000 000000 000000 000000 000000 000000 000000 000000 000000 000000 000000 000000 000000 000000 000000 000000 000000 000000 000000 000000 000000 000000 000000 000000 000000 000000 000000 000000 000000 000000 000000 000000 000000 000000 000000 000000 000000 000000 000000 000000 000000 000000 000000 000000 000000 000000 000000 000000 000000 000000 000000 1d002c 000000 000000 000000 180026 000000 000000 000000 000000
t=980 000000 000000 000000 000000 000000 000000 000000 000000 000000 000000 000000 000000 000000 000000 000000 000000 000000 000000 000000 000000 000000 000000 000000 000000 000000 000000 000000 000000 000000 000000 000000 000000 000000 000000 000000 000000 000000 000000 000000 000000 000000 000000 000000 000000 000000 000000 000000 000000 000000 000000 000000 000000 000000 000000 000000 000000 000000 000000 000000 000000 000000 000000 000000 000000 000000 170023 000000 000000 000000 12001d 000000 000000 000000 000000
t=985 000000 000000 000000 000000 000000 000000 000000 000000 000000 000000 000000 000000 000000 000000 000000 000000 000000 000000 000000 000000 000000 000000 000000 000000 000000 000000 000000 000000 000000 000000 000000 000000 000000 000000 000000 000000 000000 000000 000000 000000 000000 000000 000000 000000 000000 000000 000000 000000 000000 000000 000000 000000 000000 000000 000000 000000 000000 000000 000000 000000 000000 000000 000000 000000 000000 11001a 000000 000000 000000 0d0014 000000 000000 000000 000000
t=990 000000 000000 000000 000000 000000 000000 000000 000000 000000 000000 000000 000000 000000 000000 000000 000000 000000 000000 000000 000000 000000 000000 000000 000000 000000 000000 000000 000000 000000 000000 000000 000000 000000 000000 000000 000000 000000 000000 000000 000000 000000 000000 000000 000000 000000 000000 000000 000000 000000 000000 000000 000000 000000 000000 000000 000000 000000 000000 000000 000000 000000 000000 000000 000000 000000 0b0011 000000 000000 000000 07000b 000000 000000 000000 000000
t=995 000000 000000 000000 000000 000000 000000 000000 000000 000000 000000 000000 000000 000000 000000 000000 000000 000000 000000 000000 000000 000000 000000 000000 000000 000000 000000 000000 000000 000000 000000 000000 000000 000000 000000 000000 000000 000000 000000 000000 000000 000000 000000 000000 000000 000000 000000 000000 000000 000000 000000 000000 000000 000000 000000 000000 000000 000000 000000 000000 000000 000000 000000 000000 000000 000000 050008 000000 000000 000000 010003 000000 000000 000000 000000
t=1000 000000 000000 000000 000000 000000 000000 000000 000000 000000 000000 000000 000000 000000 000000 000000 000000 000000 000000 000000 000000 000000 000000 000000 000000 000000 000000 000000 000000 000000 000000 000000 000000 000000 000000 000000 000000 000000 000000 000000 000000 000000 000000 000000 000000 000000 000000 000000 000000 000000 000000 000000 000000 000000 000000 000000 000000 000000 000000 000000 000000 000000 000000 000000 000000 000000 000000 000000 000000 000000 000000 000000 000000 000000 000000
