t=0 7f2d00 7f2d00 000000 000000 000000 000000 000000 000000 000000 000000 000000 000000 000000 000000 000000 000000 000000 000000 000000 000000 000000 000000 000000 000000 000000 000000 000000 000000 000000 000000 000000 000000 000000 000000 000000 000000 000000 000000 000000 000000 000000 000000 000000 000000 000000 000000 000000 000000 000000 000000 000000 000000 000000 000000 000000 000000 000000 000000 000000 000000 000000 000000 000000 000000 000000 000000 000000 000000 000000 000000 000000 000000 000000 000000 000000 000000 000000 000000 000000 000000 000000 000000 000000 000000 000000 000000 000000 000000 000000 000000 000000 000000 000000 000000 000000 000000 000000 000000 000000 000000 000000 000000 000000 000000 000000 000000 000000 000000 000000 000000 000000 000000
t=5 883000 883000 000000 000000 000000 000000 000000 000000 000000 000000 000000 000000 000000 000000 000000 000000 000000 000000 000000 000000 000000 000000 000000 000000 000000 000000 000000 000000 000000 000000 000000 000000 000000 000000 000000 000000 000000 000000 000000 000000 000000 000000 000000 000000 000000 000000 000000 000000 000000 000000 000000 000000 000000 000000 000000 000000 000000 000000 000000 000000 000000 000000 000000 000000 000000 000000 000000 000000 000000 000000 000000 000000 000000 000000 000000 000000 000000 000000 000000 000000 000000 000000 000000 000000 000000 000000 000000 000000 000000 000000 000000 000000 000000 000000 000000 000000 000000 000000 000000 000000 000000 000000 000000 000000 000000 000000 000000 000000 000000 000000 000000 000000
t=10 923300 923300 000000 000000 000000 000000 000000 000000 000000 000000 000000 000000 000000 000000 000000 000000 000000 000000 000000 000000 000000 000000 000000 000000 000000 000000 000000 000000 000000 000000 000000 000000 000000 000000 000000 000000 000000 000000 000000 000000 000000 000000 000000 000000 000000 000000 000000 000000 000000 000000 000000 000000 000000 000000 000000 000000 000000 000000 000000 000000 000000 000000 000000 000000 000000 000000 000000 000000 000000 000000 000000 000000 000000 000000 000000 000000 000000 000000 000000 000000 000000 000000 000000 000000 000000 000000 000000 000000 000000 000000 000000 000000 000000 000000 000000 000000 000000 000000 000000 000000 000000 000000 000000 000000 000000 000000 000000 000000 000000 000000 000000 000000
t=15 9b3600 9b3600 000000 000000 000000 000000 000000 000000 000000 000000 000000 000000 000000 000000 000000 000000 000000 000000 000000 000000 000000 000000 000000 000000 000000 000000 000000 000000 000000 000000 000000 000000 000000 000000 000000 000000 000000 000000 000000 000000 000000 000000 000000 000000 000000 000000 000000 000000 000000 000000 000000 000000 000000 000000 000000 000000 000000 000000 000000 000000 000000 000000 000000 000000 000000 000000 000000 000000 000000 000000 000000 000000 000000 000000 000000 000000 000000 000000 000000 000000 000000 000000 000000 000000 000000 000000 000000 000000 000000 000000 000000 000000 000000 000000 000000 000000 000000 000000 000000 000000 000000 000000 000000 000000 000000 000000 000000 000000 000000 000000 000000 000000
t=20 a43a00 a43a00 000000 000000 000000 000000 000000 000000 000000 000000 000000 000000 000000 000000 000000 000000 000000 000000 000000 000000 000000 000000 000000 000000 000000 000000 000000 000000 000000 000000 000000 000000 000000 000000 000000 000000 000000 000000 000000 000000 000000 000000 000000 000000 000000 000000 000000 000000 000000 000000 000000 000000 000000 000000 000000 000000 000000 000000 000000 000000 000000 000000 000000 000000 000000 000000 000000 000000 000000 000000 000000 000000 000000 000000 000000 000000 000000 000000 000000 000000 000000 000000 000000 000000 000000 000000 000000 000000 000000 000000 000000 000000 000000 000000 000000 000000 000000 000000 000000 000000 000000 000000 000000 000000 000000 000000 000000 000000 000000 000000 000000 000000
t=25 ae3d00 ae3d00 000000 000000 000000 000000 000000 000000 000000 000000 000000 000000 000000 000000 000000 000000 000000 000000 000000 000000 000000 000000 000000 000000 000000 000000 000000 000000 000000 000000 000000 000000 000000 000000 000000 000000 000000 000000 000000 000000 000000 000000 000000 000000 000000 000000 000000 000000 000000 000000 000000 000000 000000 000000 000000 000000 000000 000000 000000 000000 000000 000000 000000 000000 000000 000000 000000 000000 000000 000000 000000 000000 000000 000000 000000 000000 000000 000000 000000 000000 000000 000000 000000 000000 000000 000000 000000 000000 000000 000000 000000 000000 000000 000000 000000 000000 000000 000000 000000 000000 000000 000000 000000 000000 000000 000000 000000 000000 000000 000000 000000 000000
t=30 b74000 b74000 000000 000000 000000 000000 000000 000000 000000 000000 000000 000000 000000 000000 000000 000000 000000 000000 000000 000000 000000 000000 000000 000000 000000 000000 000000 000000 000000 000000 000000 000000 000000 000000 000000 000000 000000 000000 000000 000000 000000 000000 000000 000000 000000 000000 000000 000000 000000 000000 000000 000000 000000 000000 000000 000000 000000 000000 000000 000000 000000 000000 000000 000000 000000 000000 000000 000000 000000 000000 000000 000000 000000 000000 000000 000000 000000 000000 000000 000000 000000 000000 000000 000000 000000 000000 000000 000000 000000 000000 000000 000000 000000 000000 000000 000000 000000 000000 000000 000000 000000 000000 000000 000000 000000 000000 000000 000000 000000 000000 000000 000000
t=35 c04400 c04400 000000 000000 000000 000000 000000 000000 000000 000000 000000 000000 000000 000000 000000 000000 000000 000000 000000 000000 000000 000000 000000 000000 000000 000000 000000 000000 000000 000000 000000 000000 000000 000000 000000 000000 000000 000000 000000 000000 000000 000000 000000 000000 000000 000000 000000 000000 000000 000000 000000 000000 000000 000000 000000 000000 000000 000000 000000 000000 000000 000000 000000 000000 000000 000000 000000 000000 000000 000000 000000 000000 000000 000000 000000 000000 000000 000000 000000 000000 000000 000000 000000 000000 000000 000000 000000 000000 000000 000000 000000 000000 000000 000000 000000 000000 000000 000000 000000 000000 000000 000000 000000 000000 000000 000000 000000 000000 000000 000000 000000 000000
t=40 ca4700 ca4700 000000 000000 000000 000000 000000 000000 000000 000000 000000 000000 000000 000000 000000 000000 000000 000000 000000 000000 000000 000000 000000 000000 000000 000000 000000 000000 000000 000000 000000 000000 000000 000000 000000 000000 000000 000000 000000 000000 000000 000000 000000 000000 000000 000000 000000 000000 000000 000000 000000 000000 000000 000000 000000 000000 000000 000000 000000 000000 000000 000000 000000 000000 000000 000000 000000 000000 000000 000000 000000 000000 000000 000000 000000 000000 000000 000000 000000 000000 000000 000000 000000 000000 000000 000000 000000 000000 000000 000000 000000 000000 000000 000000 000000 000000 000000 000000 000000 000000 000000 000000 000000 000000 000000 000000 000000 000000 000000 000000 000000 000000
t=45 d34a00 d34a00 000000 000000 000000 000000 000000 000000 000000 000000 000000 000000 000000 000000 000000 000000 000000 000000 000000 000000 000000 000000 000000 000000 000000 000000 000000 000000 000000 000000 000000 000000 000000 000000 000000 000000 000000 000000 000000 000000 000000 000000 000000 000000 000000 000000 000000 000000 000000 000000 000000 000000 000000 000000 000000 000000 000000 000000 000000 000000 000000 000000 000000 000000 000000 000000 000000 000000 000000 000000 000000 000000 000000 000000 000000 000000 000000 000000 000000 000000 000000 000000 000000 000000 000000 000000 000000 000000 000000 000000 000000 000000 000000 000000 000000 000000 000000 000000 000000 000000 000000 000000 000000 000000 000000 000000 000000 000000 000000 000000 000000 000000
t=50 dc4d00 dc4d00 000000 000000 000000 000000 000000 000000 000000 000000 000000 000000 000000 000000 000000 000000 000000 000000 000000 000000 000000 000000 000000 000000 000000 000000 000000 000000 000000 000000 000000 000000 000000 000000 000000 000000 000000 000000 000000 000000 000000 000000 000000 000000 000000 000000 000000 000000 000000 000000 000000 000000 000000 000000 000000 000000 000000 000000 000000 000000 000000 000000 000000 000000 000000 000000 000000 000000 000000 000000 000000 000000 000000 000000 000000 000000 000000 000000 000000 000000 000000 000000 000000 000000 000000 000000 000000 000000 000000 000000 000000 000000 000000 000000 000000 000000 000000 000000 000000 000000 000000 000000 000000 000000 000000 000000 000000 000000 000000 000000 000000 000000
t=55 e65100 e65100 000000 000000 000000 000000 000000 000000 000000 000000 000000 000000 000000 000000 000000 000000 000000 000000 000000 000000 000000 000000 000000 000000 000000 000000 000000 000000 000000 000000 000000 000000 000000 000000 000000 000000 000000 000000 000000 000000 000000 000000 000000 000000 000000 000000 000000 000000 000000 000000 000000 000000 000000 000000 000000 000000 000000 000000 000000 000000 000000 000000 000000 000000 000000 000000 000000 000000 000000 000000 000000 000000 000000 000000 000000 000000 000000 000000 000000 000000 000000 000000 000000 000000 000000 000000 000000 000000 000000 000000 000000 000000 000000 000000 000000 000000 000000 000000 000000 000000 000000 000000 000000 000000 000000 000000 000000 000000 000000 000000 000000 000000
t=60 ef5400 ef5400 000000 000000 000000 000000 070800 090900 000000 000000 000000 000000 000000 000000 000000 000000 000000 000000 000000 000000 000000 000000 000000 000000 000000 000000 000000 000000 000000 000000 000000 000000 000000 000000 000000 000000 000000 000000 000000 000000 000000 000000 000000 000000 000000 000000 000000 000000 000000 000000 000000 000000 000000 000000 000000 000000 000000 000000 000000 000000 000000 000000 000000 000000 070700 000000 000000 000000 000000 050500 000000 000000 000000 000000 000000 000000 000000 000000 000000 000000 000000 000000 000000 000000 000000 000000 000000 000000 000000 000000 000000 000000 000000 000000 000000 000000 000000 000000 000000 000000 000000 000000 000000 000000 000000 000000 000000 000000 000000 000000 000000 000000
t=65 f85700 f85700 000000 000000 000000 000000 101100 121300 000000 000000 000000 000000 000000 000000 000000 000000 000000 000000 000000 000000 000000 000000 000000 000000 000000 000000 000000 000000 000000 000000 000000 000000 000000 000000 000000 000000 000000 000000 000000 000000 000000 000000 000000 000000 000000 000000 000000 000000 000000 000000 000000 000000 000000 000000 000000 000000 000000 000000 000000 000000 000000 000000 000000 000000 101000 000000 000000 000000 000000 0e0e00 000000 000000 000000 000000 000000 000000 000000 000000 000000 000000 000000 000000 000000 000000 000000 000000 000000 000000 000000 000000 000000 000000 000000 000000 000000 000000 000000 000000 000000 000000 000000 000000 000000 000000 000000 000000 000000 000000 000000 000000 000000 000000
t=70 fb5800 fb5800 000000 000000 000000 000000 1a1a00 1b1c00 000000 000000 000000 000000 000000 000000 000000 000000 000000 000000 000000 000000 000000 000000 000000 000000 000000 000000 000000 000000 000000 000000 000000 000000 000000 000000 000000 000000 000000 000000 000000 000000 000000 000000 000000 000000 000000 000000 000000 000000 000000 000000 000000 000000 000000 000000 000000 000000 000000 000000 000000 000000 000000 000000 000000 000000 191a00 000000 000000 000000 000000 171800 000000 000000 000000 000000 000000 000000 000000 000000 000000 000000 000000 000000 000000 000000 000000 000000 000000 000000 000000 000000 000000 000000 000000 000000 000000 000000 000000 000000 000000 000000 000000 000000 000000 000000 000000 000000 000000 000000 000000 000000 000000 000000
t=75 f25500 f25500 000000 000000 000000 000000 232400 252500 000000 000000 000000 000000 000000 000000 000000 000000 000000 000000 000000 000000 000000 000000 000000 000000 000000 000000 000000 000000 000000 000000 000000 000000 000000 000000 000000 000000 000000 000000 000000 000000 000000 000000 000000 000000 000000 000000 000000 000000 000000 000000 000000 000000 000000 000000 000000 000000 000000 000000 000000 000000 000000 000000 000000 000000 222300 000000 000000 000000 000000 202100 000000 000000 000000 000000 000000 000000 000000 000000 000000 000000 000000 000000 000000 000000 000000 000000 000000 000000 000000 000000 000000 000000 000000 000000 000000 000000 000000 000000 000000 000000 000000 000000 000000 000000 000000 000000 000000 000000 000000 000000 000000 000000
t=80 e95200 e95200 000000 000000 000000 000000 2c2d00 2e2f00 050600 000000 000000 000000 000000 000000 000000 000000 000000 000000 000000 000000 000000 000000 000000 000000 000000 000000 000000 000000 000000 000000 000000 000000 000000 000000 000000 000000 000000 000000 000000 000000 000000 000000 000000 000000 000000 000000 000000 000000 000000 000000 000000 000000 000000 000000 000000 000000 000000 000000 000000 000000 000000 000000 000000 000000 2b2c00 030300 000000 000000 000000 292a00 000000 000000 000000 000000 000000 000000 000000 000000 000000 000000 000000 000000 000000 000000 000000 000000 000000 000000 000000 000000 000000 000000 000000 000000 000000 000000 000000 000000 000000 000000 000000 000000 000000 000000 000000 000000 000000 000000 000000 000000 000000 000000
t=85 e04f00 e04f00 000000 000000 000000 080a00 353600 373800 0d0f00 000000 000000 000000 000000 000000 000000 000000 000000 000000 000000 000000 000000 000000 000000 000000 000000 000000 000000 000000 000000 000000 000000 000000 000000 000000 000000 000000 000000 000000 000000 000000 000000 000000 000000 000000 000000 000000 000000 000000 000000 000000 000000 000000 000000 000000 000000 000000 000000 000000 000000 000000 000000 000000 000000 000000 343600 0b0d00 000000 000000 060700 323400 000000 000000 000000 000000 000000 000000 000000 000000 000000 000000 000000 000000 000000 000000 000000 000000 000000 000000 000000 000000 000000 000000 000000 000000 000000 000000 000000 000000 000000 000000 000000 000000 000000 000000 000000 000000 000000 000000 000000 000000 000000 000000
t=90 d64b00 d64b00 000000 000000 000000 101300 3e3f00 404100 151800 000000 000000 000000 000000 000000 000000 000000 000000 000000 000000 000000 000000 000000 000000 000000 000000 000000 000000 000000 000000 000000 000000 000000 000000 000000 000000 000000 000000 000000 000000 000000 000000 000000 000000 000000 000000 000000 000000 000000 000000 000000 000000 000000 000000 000000 000000 000000 000000 000000 000000 000000 000000 000000 000000 000000 3d3f00 131600 000000 000000 0e1100 3b3d00 000000 000000 000000 000000 000000 000000 000000 000000 000000 000000 000000 000000 000000 000000 000000 000000 000000 000000 000000 000000 000000 000000 000000 000000 000000 000000 000000 000000 000000 000000 000000 000000 000000 000000 000000 000000 000000 000000 000000 000000 000000 000000
t=95 cd4800 cd4800 000000 000000 000000 181c00 474900 494b00 1d2200 000000 000000 000000 000000 000000 000000 000000 000000 000000 000000 000000 000000 000000 000000 000000 000000 000000 000000 000000 000000 000000 000000 000000 000000 000000 000000 000000 000000 000000 000000 000000 000000 000000 000000 000000 000000 000000 000000 000000 000000 000000 000000 000000 000000 000000 000000 000000 000000 000000 000000 000000 000000 000000 000000 000000 464800 1b1f00 000000 000000 161a00 454600 000000 000000 000000 000000 000000 000000 000000 000000 000000 000000 000000 000000 000000 000000 000000 000000 000000 000000 000000 000000 000000 000000 000000 000000 000000 000000 000000 000000 000000 000000 000000 000000 000000 000000 000000 000000 000000 000000 000000 000000 000000 000000
t=100 c44500 c44500 000000 000000 000000 1f2600 505200 525400 252b00 000000 000000 000000 000000 000000 000000 000000 000000 000000 000000 000000 000000 000000 000000 000000 000000 000000 000000 000000 000000 000000 000000 000000 000000 000000 030500 000000 000000 000000 000000 000000 000000 000000 000000 000000 000000 000000 000000 000000 000000 000000 000000 000000 000000 000000 000000 000000 000000 000000 000000 000000 000000 000000 000000 000000 505200 232900 000000 000000 1d2300 4e5000 000000 000000 000000 000000 000000 000000 000000 000000 000000 000000 000000 050700 000000 000000 000000 000000 000000 000000 000000 000000 000000 000000 000000 000000 000000 000000 000000 000000 000000 000000 000000 000000 000000 000000 000000 000000 000000 000000 000000 000000 000000 000000
t=105 ba4100 ba4100 000000 000000 000000 272f00 595b00 5b5d00 2d3400 000000 000000 000000 000000 000000 000000 000000 000000 000000 000000 000000 000000 000000 000000 000000 000000 000000 000000 000000 000000 000000 000000 000000 000000 000000 0a0e00 000000 000000 000000 000000 000000 000000 000000 000000 000000 000000 000000 000000 000000 000000 000000 000000 000000 000000 000000 000000 000000 000000 000000 000000 000000 000000 000000 000000 000000 595b00 2b3200 000000 000000 252d00 575900 000000 000000 000000 000000 000000 000000 000000 000000 000000 000000 000000 0c1000 000000 000000 000000 000000 000000 000000 000000 000000 000000 000000 000000 000000 000000 000000 000000 000000 000000 000000 000000 000000 000000 000000 000000 000000 000000 000000 000000 000000 000000 000000
t=110 b13e00 b13e00 000000 000000 000000 2f3800 626500 646700 353e00 000000 000000 000000 000000 000000 000000 000000 000000 000000 000000 000000 000000 000000 000000 000000 000000 000000 000000 000000 000000 000000 000000 000000 000000 000000 111700 000000 000000 000000 000000 000000 000000 000000 000000 000000 000000 000000 000000 000000 000000 000000 000000 000000 000000 000000 000000 000000 000000 000000 000000 000000 000000 000000 000000 000000 626400 333b00 000000 000000 2d3600 606200 000000 000000 000000 000000 000000 000000 000000 000000 000000 000000 000000 131900 000000 000000 000000 000000 000000 000000 000000 000000 000000 000000 000000 000000 000000 000000 000000 000000 000000 000000 000000 000000 000000 000000 000000 000000 000000 000000 000000 000000 000000 000000
t=115 a83b00 a83b00 000000 000000 000000 374200 6b6e00 6d7000 3d4700 000000 000000 000000 000000 000000 000000 000000 000000 000000 000000 000000 000000 000000 000000 000000 000000 000000 000000 000000 000000 000000 000000 000000 000000 000000 182100 000000 000000 000000 000000 000000 000000 000000 000000 000000 000000 000000 000000 000000 000000 000000 000000 000000 000000 000000 000000 000000 000000 000000 000000 000000 000000 000000 000000 000000 6b6d00 3b4500 000000 000000 353f00 696c00 000000 000000 000000 000000 000000 000000 000000 000000 000000 000000 000000 1a2300 000000 000000 000000 000000 000000 000000 000000 000000 000000 000000 000000 000000 000000 000000 000000 000000 000000 000000 000000 000000 000000 000000 000000 000000 000000 000000 000000 000000 000000 000000
t=120 9e3800 9e3800 000000 000000 000000 3e4b00 757700 767900 455000 040700 000000 000000 000000 000000 000000 000000 000000 000000 000000 000000 000000 000000 000000 000000 000000 000000 000000 000000 000000 000000 000000 000000 000000 000000 1f2a00 000000 000000 000000 000000 000000 000000 000000 000000 000000 000000 000000 000000 000000 000000 000000 000000 000000 000000 000000 000000 000000 000000 000000 000000 000000 000000 000000 000000 000000 747700 434e00 030500 000000 3d4900 727500 000000 000000 000000 000000 000000 000000 000000 000000 000000 000000 000000 212c00 000000 000000 000000 000000 000000 000000 000000 000000 000000 000000 000000 000000 000000 000000 000000 000000 000000 000000 000000 000000 000000 000000 000000 000000 000000 000000 000000 000000 000000 000000
t=125 953400 953400 000000 000000 050900 465400 7e8100 808300 4d5900 0a1000 000000 000000 000000 000000 000000 000000 000000 000000 000000 000000 000000 000000 000000 000000 000000 000000 000000 000000 000000 000000 000000 000000 000000 000000 263300 000000 000000 000000 000000 000000 000000 000000 000000 000000 000000 000000 000000 000000 000000 000000 000000 000000 000000 000000 000000 000000 000000 000000 000000 000000 000000 000000 000000 000000 7d8000 4b5700 090e00 040700 445200 7b7e00 000000 000000 000000 000000 000000 000000 000000 000000 000000 000000 000000 293500 000000 000000 000000 000000 000000 000000 000000 000000 000000 000000 000000 000000 000000 000000 000000 000000 000000 000000 000000 000000 000000 000000 000000 000000 000000 000000 000000 000000 000000 000000
t=130 8c3100 8c3100 000000 000000 0b1200 4e5e00 878a00 898c00 556300 101a00 000000 000000 000000 000000 000000 000000 000000 000000 000000 000000 000000 000000 000000 000000 000000 000000 000000 000000 000000 000000 000000 000000 000000 000000 2d3d00 000000 000000 000000 000000 000000 000000 000000 000000 000000 000000 000000 000000 000000 000000 000000 000000 000000 000000 000000 000000 000000 000000 000000 000000 000000 000000 000000 000000 000000 868900 536100 0f1800 0a1000 4c5b00 848800 000000 000000 000000 000000 000000 000000 000000 000000 000000 000000 000000 303f00 000000 000000 000000 000000 000000 000000 000000 000000 000000 000000 000000 000000 000000 000000 000000 000000 000000 000000 000000 000000 000000 000000 000000 000000 000000 000000 000000 000000 000000 000000
t=135 822e00 822e00 000000 000000 111c00 566700 909300 929500 5d6c00 162300 000000 000000 000000 000000 000000 000000 000000 000000 000000 000000 000000 000000 000000 000000 000000 000000 000000 000000 000000 000000 000000 000000 000000 000000 344600 000000 000000 000000 000000 000000 000000 000000 000000 000000 000000 000000 000000 000000 000000 000000 000000 000000 000000 000000 000000 000000 000000 000000 000000 000000 000000 000000 000000 000000 8f9300 5b6a00 152100 101a00 546500 8d9100 000000 000000 000000 000000 000000 000000 000000 000000 000000 000000 000000 374800 000000 000000 000000 000000 000000 000000 000000 000000 000000 000000 000000 000000 000000 000000 000000 000000 000000 000000 000000 000000 000000 000000 000000 000000 000000 000000 000000 000000 000000 000000
t=140 792a00 792a00 000000 000000 172500 5e7000 999d00 9b9f00 657500 1c2c00 000000 000000 000000 000000 000000 000000 000000 000000 000000 000000 000000 000000 000000 000000 000000 000000 000000 000000 000000 000000 000000 000000 000000 000000 3b4f00 000000 000000 000000 000000 000000 000000 000000 000000 000000 000000 000000 000000 000000 000000 000000 000000 000000 000000 000000 000000 000000 000000 000000 000000 000000 000000 000000 000000 000000 989c00 637300 1b2a00 162300 5c6e00 979a00 000000 000000 000000 000000 000000 000000 000000 000000 000000 000000 000000 3e5100 000000 000000 000000 000000 000000 000000 000000 000000 000000 000000 000000 000000 000000 000000 000000 000000 000000 000000 000000 000000 000000 000000 000000 000000 000000 000000 000000 000000 000000 000000
t=145 702700 702700 000000 000000 1d2e00 657a00 a2a600 a4a800 6d7f00 223600 000000 000000 000000 000000 000000 000000 000000 000000 000000 000000 000000 000000 000000 000000 000000 000000 000000 000000 000000 000000 000000 000000 000000 000000 425900 000000 000000 000000 000000 000000 000000 000000 000000 000000 000000 000000 000000 000000 000000 000000 000000 000000 000000 000000 000000 000000 000000 000000 000000 000000 000000 000000 000000 000000 a2a500 6b7c00 213400 1b2c00 647700 a0a300 000000 000000 000000 000000 000000 000000 000000 000000 000000 000000 000000 455b00 000000 000000 000000 000000 000000 000000 000000 000000 000000 000000 000000 000000 000000 000000 000000 000000 000000 000000 000000 000000 000000 000000 000000 000000 000000 000000 000000 000000 000000 000000
t=150 662400 662400 000000 000000 223800 6d8300 abaf00 adb100 758800 293f00 000000 000000 000000 000000 000000 000000 000000 000000 000000 000000 000000 000000 000000 000000 000000 000000 000000 000000 000000 000000 000000 000000 000000 000000 486200 000000 000000 000000 000000 000000 000000 000000 000000 000000 000000 000000 000000 000000 000000 000000 000000 000000 000000 000000 000000 000000 000000 000000 000000 000000 000000 000000 000000 000000 abaf00 738600 273d00 213600 6b8100 a9ad00 000000 000000 000000 000000 000000 000000 000000 000000 000000 000000 000000 4c6400 000000 000000 000000 000000 000000 000000 000000 000000 000000 000000 000000 000000 000000 000000 000000 000000 000000 000000 000000 000000 000000 000000 000000 000000 000000 000000 000000 000000 000000 000000
t=155 5d2100 5d2100 000000 000000 284100 758c00 b4b900 b6bb00 7d9100 2f4800 000000 000000 000000 000000 000000 000000 000000 000000 000000 000000 000000 000000 000000 000000 000000 000000 000000 000000 000000 000000 000000 000000 000000 000000 4f6b00 000000 000000 000000 000000 000000 000000 000000 000000 000000 000000 000000 000000 000000 000000 000000 000000 000000 000000 000000 000000 000000 000000 000000 000000 000000 000000 000000 000000 000000 b4b800 7b8f00 2d4600 273f00 738a00 b2b600 000000 000000 000000 000000 000000 000000 000000 000000 000000 000000 000000 536d00 000000 000000 000000 000000 000000 000000 000000 000000 000000 000000 000000 000000 000000 000000 000000 000000 000000 000000 000000 000000 000000 000000 000000 000000 000000 000000 000000 000000 000000 000000
t=160 541d00 541d00 000000 000000 2e4a00 7d9500 bdc200 bfc400 859b00 355200 000000 000000 000000 000000 000000 000000 000000 000000 000000 000000 000000 000000 000000 000000 000000 000000 000000 000000 000000 000000 000000 000000 000000 000000 567500 000000 000000 000000 000000 000000 000000 000000 000000 000000 000000 000000 000000 000000 000000 000000 000000 000000 000000 000000 000000 000000 000000 000000 000000 000000 000000 000000 000000 000000 bdc100 839800 335000 2d4800 7b9300 bbbf00 000000 000000 000000 000000 000000 000000 000000 000000 000000 000000 000000 5b7700 000000 000000 000000 000000 000000 000000 000000 000000 000000 000000 000000 000000 000000 000000 000000 000000 000000 000000 000000 000000 000000 000000 000000 000000 000000 000000 000000 000000 000000 000000
t=165 4a1a00 4a1a00 000000 000000 345300 859f00 c7cb00 c8cd00 8da400 3b5b00 000000 000000 000000 000000 000000 000000 000000 000000 000000 000000 000000 000000 000000 000000 000000 000000 000000 000000 000000 000000 000000 000000 000000 000000 5d7e00 000000 000000 000000 000000 000000 000000 000000 000000 000000 000000 000000 000000 000000 000000 000000 000000 000000 000000 000000 000000 000000 000000 000000 000000 000000 000000 000000 000000 000000 c6cb00 8ba200 395900 335200 839d00 c4c900 000000 000000 000000 000000 000000 000000 000000 000000 000000 000000 000000 628000 000000 000000 000000 000000 000000 000000 000000 000000 000000 000000 000000 000000 000000 000000 000000 000000 000000 000000 000000 000000 000000 000000 000000 000000 000000 000000 000000 000000 000000 000000
t=170 411700 411700 000000 000000 3a5d00 8ca800 d0d500 d2d700 95ad00 416400 000000 000000 000000 000000 000000 000000 000000 000000 000000 000000 000000 000000 000000 000000 000000 000000 000000 000000 000000 000000 000000 000000 000000 000000 648700 020800 000000 000000 000000 000000 000000 000000 000000 000000 000000 000000 000000 000000 000000 000000 000000 000000 000000 000000 000000 000000 000000 000000 000000 000000 000000 000000 000000 000000 cfd400 93ab00 3f6200 385b00 8aa600 cdd200 000000 000000 000000 000000 000000 000000 000000 000000 000000 000000 030a00 698900 000000 000000 000000 000000 000000 000000 000000 000000 000000 000000 000000 000000 000000 000000 000000 000000 000000 000000 000000 000000 000000 000000 000000 000000 000000 000000 000000 000000 000000 000000
t=175 381300 381300 000000 000000 3f6600 94b100 d9de00 dbe000 9db700 476e00 000000 000000 000000 000000 000000 000000 000000 000000 000000 000000 000000 000000 000000 000000 000000 000000 000000 000000 000000 000000 000000 000000 000000 000000 6b9100 061100 000000 000000 000000 000000 000000 000000 000000 000000 000000 000000 000000 000000 000000 000000 000000 000000 000000 000000 000000 000000 000000 000000 000000 000000 000000 000000 000000 000000 d8dd00 9bb400 456c00 3e6400 92af00 d6db00 000000 000000 000000 000000 000000 000000 000000 000000 000000 000000 071300 709200 000000 000000 000000 000000 000000 000000 000000 000000 000000 000000 000000 000000 000000 000000 000000 000000 000000 000000 000000 000000 000000 000000 000000 000000 000000 000000 000000 000000 000000 000000
t=180 2e1000 2e1000 000000 000000 456f00 9cbb00 e2e700 e4e900 a5c000 4d7700 000000 000000 000000 000000 000000 000000 000000 000000 000000 000000 000000 000000 000000 000000 000000 000000 000000 000000 000000 000000 000000 000000 000000 000000 729a00 091a00 000000 000000 000000 000000 000000 000000 000000 000300 000000 000000 000000 000000 000000 000000 000000 000000 000000 000000 000000 000000 000000 000000 000000 000000 000000 000000 000000 000000 e1e700 a3be00 4b7500 446e00 9ab900 dfe500 000000 000000 000000 000000 000000 000000 000000 000000 000000 000000 0b1c00 779c00 000000 000000 010400 000000 000000 000000 000000 000000 000000 000000 000000 000000 000000 000000 000000 000000 000000 000000 000000 000000 000000 000000 000000 000000 000000 000000 000000 000000 000000 000000
t=185 250d00 250d00 000000 000000 4b7900 a4c400 ebf100 edf300 adc900 538000 000000 000000 000000 000000 000000 000000 000000 000000 000000 000000 000000 000000 000000 000000 000000 000000 000000 000000 000000 000000 000000 010600 000000 000000 79a300 0d2400 000000 000000 000000 000000 000000 000000 000000 030c00 000000 000000 000000 000000 000000 000000 000000 000000 000000 000000 000000 000000 000000 000000 000000 000000 000000 000000 000000 000000 eaf000 abc700 517e00 4a7700 a2c200 e8ee00 000000 000000 020800 000000 000000 000000 000000 000000 000000 000000 0e2600 7ea500 000000 000000 040d00 000000 000000 000000 000000 000000 000000 000000 000000 000000 000000 000000 000000 000000 000000 000000 000000 000000 000000 000000 000000 000000 000000 000000 000000 000000 000000 000000
t=190 1c0900 1c0900 000000 000000 518200 abcd00 f4fa00 f6fc00 b5d300 598900 000000 000000 000000 000000 000000 000000 000000 000000 000000 000000 000000 000000 000000 000000 000000 000000 000000 000000 000000 000000 000000 041000 000000 000000 80ac00 102d00 000000 000000 000000 000000 000000 000000 000000 061500 000000 000000 000000 000000 000000 000000 000000 000000 000000 000000 000000 000000 000000 000000 000000 000000 000000 000000 000000 000000 f3f900 b3d000 588800 508000 aacb00 f2f700 000000 000000 051100 000000 000000 000000 000000 000000 000000 000000 122f00 85ae00 000000 000000 071700 000000 000000 000000 000000 000000 000000 000000 000000 000000 000000 000000 000000 000000 000000 000000 000000 000000 000000 000000 000000 000000 000000 000000 000000 000000 000000 000000
t=195 120600 120600 000000 000000 578b00 b3d700 f4fa00 f2f800 bddc00 5f9300 000000 000000 000000 000000 000000 000000 000000 000000 000000 000000 000000 000000 000000 000000 000000 000000 000000 000000 000000 000000 000000 071900 000000 000000 87b600 133600 000000 000000 000000 000000 000000 000000 000000 091f00 000000 000000 000000 000000 000000 000000 000000 000000 000000 000000 000000 000000 000000 000000 000000 000000 000000 000000 000000 000000 f4fa00 bbda00 5e9100 568a00 b1d400 f6fc00 000000 000000 071a00 000000 000000 000000 000000 000000 000000 000000 163800 8cb800 000000 000000 0a2000 000000 000000 000000 000000 000000 000000 000000 000000 000000 000000 000000 000000 000000 000000 000000 000000 000000 000000 000000 000000 000000 000000 000000 000000 000000 000000 000000
t=200 090300 090300 000000 000000 5d9500 bbe000 ebf000 e9ee00 c5e500 659c00 000000 000000 000000 000000 000000 000000 000000 000000 000000 000000 000000 000000 000000 000000 000000 000000 000000 000000 000000 000000 000000 0a2200 000000 000000 8ebf00 174000 000000 000000 000000 000000 000000 000000 000000 0b2800 000000 000000 000000 000000 000000 000000 000000 000000 000000 000000 000000 000000 000000 000000 000000 000000 000000 000000 000000 000000 ebf100 c3e300 649a00 5b9300 b9de00 edf300 000000 000000 0a2400 000000 000000 000000 000000 000000 000000 000000 194200 94c100 000000 000000 0d2900 000000 000000 000000 000000 000000 000000 000000 000000 000000 000000 000000 000000 000000 000000 000000 000000 000000 000000 000000 000000 000000 000000 000000 000000 000000 000000 000000
t=205 000000 000000 000000 000000 629e00 c3e900 e2e700 e0e500 cdef00 6ba500 000000 000000 000000 000000 000000 000000 000000 000000 000000 000000 000000 000000 000000 000000 000000 000000 000000 000000 000000 000000 000000 0c2c00 000000 000000 94c800 1a4900 000000 000000 000000 000000 000000 000000 000000 0e3100 000000 000000 000000 000000 000000 000000 000000 000000 000000 000000 000000 000000 000000 000000 000000 000000 000000 000000 000000 000000 e2e800 cbec00 6aa400 619c00 c1e700 e4ea00 000000 000000 0d2d00 000000 000000 000000 000000 000000 000000 000000 1d4b00 9bca00 000000 000000 103300 000000 000000 000000 000000 000000 000000 000000 000000 000000 000000 000000 000000 000000 000000 000000 000000 000000 000000 000000 000000 000000 000000 000000 000000 000000 000000 000000
t=210 000000 000000 000000 000000 68a700 cbf300 d9de00 d7dc00 d5f800 71af00 000000 000000 000000 000000 000000 000000 000000 000000 000000 000000 000000 000000 000000 000000 000000 000000 000000 000000 000000 000000 000000 0f3500 000000 000000 9bd200 1e5200 000000 000000 000000 000000 000000 000000 000000 113b00 000000 000000 000000 000000 000000 000000 000000 000000 000000 000000 000000 000000 000000 000000 000000 000000 000000 000000 000000 000000 d9de00 d3f600 70ad00 67a500 c9f000 dbe000 000000 000000 103600 000000 000000 000000 000000 000000 000000 000000 205400 a2d400 000000 000000 133c00 000000 000000 000000 000000 000000 000000 000000 000000 000000 000000 000000 000000 000000 000000 000000 000000 000000 000000 000000 000000 000000 000000 000000 000000 000000 000000 000000
t=215 000000 000000 000000 000000 6eb100 d2fc00 cfd400 ced300 d8fc00 77b800 000000 000000 000000 000000 000000 000000 000000 000000 000000 000000 000000 000000 000000 000000 000000 000000 000000 000000 000000 000000 000000 123e00 000000 000000 a2db00 215c00 000000 000000 000000 000000 000000 000000 000000 144400 000000 000000 000000 000000 000000 000000 000000 000000 000000 000000 000000 000000 000000 000000 000000 000000 000000 000000 000000 000000 d0d500 dafe00 76b600 6daf00 d1fa00 d2d700 000000 000000 124000 000000 000000 000000 000000 000000 000000 000000 245e00 a9dd00 000000 000000 164500 000000 000000 000000 000000 000000 000000 000000 000000 000000 000000 000000 000000 000000 000000 000000 000000 000000 000000 000000 000000 000000 000000 000000 000000 000000 000000 000000
t=220 000000 000000 000000 000000 74ba00 cff800 c6cb00 c4c900 d0f200 7dc100 000000 000000 000000 000000 000000 000000 000000 000000 000000 000000 000000 000000 000000 000000 000000 000000 000000 000000 000000 000000 000000 154800 000000 000000 a9e400 246500 000000 000000 000000 000000 000000 000000 000000 164d00 000000 000000 000000 000000 000000 000000 000000 000000 000000 000000 000000 000000 000000 000000 000000 000000 000000 000000 000000 000000 c7cc00 d2f500 7cbf00 73b800 d1fa00 c9ce00 000000 000000 154900 000000 000000 000000 000000 000000 000000 000000 286700 b0e600 000000 000000 194f00 000000 000000 000000 000000 000000 000000 000000 000000 000000 000000 000000 000000 000000 000000 000000 000000 000000 000000 000000 000000 000000 000000 000000 000000 000000 000000 000000
t=225 000000 000000 000000 000000 7ac300 c7ee00 bdc200 bbc000 c8e900 83cb00 000000 000000 000000 000000 000000 000000 000000 000000 000000 000000 000000 000000 000000 000000 000000 000000 000000 000000 000000 000000 000000 175100 000000 000000 b0ee00 286e00 000000 000000 000000 000000 000000 000000 000000 195700 000000 000000 000000 000000 000000 000000 000000 000000 000000 000000 000000 000000 000000 000000 000000 000000 000000 000000 000000 000000 bec200 caeb00 82c900 78c100 c9f100 c0c400 000000 000000 185200 000000 000000 000000 000000 000000 000000 000000 2b7000 b7f000 000000 000000 1c5800 000000 000000 000000 000000 000000 000000 000000 000000 000000 000000 000000 000000 000000 000000 000900 000a00 000000 000000 000000 000000 000000 000000 000000 000000 000000 000000 000000
t=230 000000 000000 000000 000000 7fcd00 bfe500 b4b900 b2b700 c0e000 89d400 000000 000000 000000 000000 000000 000000 000000 000000 000000 000000 000000 000000 000000 000000 000000 000000 000000 000000 000000 000000 000000 1a5a00 000000 000000 b7f700 2b7800 000000 000000 000000 000000 000000 000000 000000 1c6000 000000 000000 000000 000000 000000 000000 000000 000000 000000 000000 000000 000000 000000 000000 000000 000000 000000 000000 000000 000000 b5b900 c2e200 88d200 7ecb00 c1e700 b7bb00 000000 000000 1b5c00 000000 000000 000000 000000 000000 000000 000000 2f7a00 bef900 000000 000000 1f6100 000000 000000 000000 000000 000000 000000 000000 000000 000000 000000 000000 000000 000000 000000 011300 011300 000000 000000 000000 000000 000000 000000 000000 000000 000000 000000 000000
t=235 000000 000000 000000 000000 85d600 b7dc00 abaf00 a9ad00 b8d600 8fdd00 000000 000000 000000 000000 000000 000000 000000 000000 000000 000000 000000 000000 000000 000000 000000 000000 000000 000000 000000 000000 000000 1d6300 000000 000000 bbfd00 2f8100 000100 000000 000000 000000 000000 000000 000000 1f6900 000500 000000 000000 000000 000000 000000 000000 000000 000000 000000 000000 000000 000000 000000 000000 000000 000000 000000 000000 000000 acb000 bad900 8edb00 84d400 b9de00 aeb200 000000 000200 1d6500 000000 000000 000000 000000 000000 000000 000300 328300 c0fb00 000000 000700 226b00 000000 000000 000000 000000 000000 000000 000000 000000 000000 000000 000000 000000 000000 000300 021c00 021c00 000500 000000 000000 000000 000000 000000 000000 000000 000000 000000 000000
t=240 000000 000000 000000 000000 8bdf00 b0d200 a2a600 a0a400 b0cd00 95e700 000000 000000 000000 000000 000000 000000 000000 000000 000000 000000 000000 000000 000000 000000 000000 000000 000000 000000 000000 000000 000000 206d00 000a00 000000 b4f300 328a00 000b00 000000 000000 000000 000000 000000 000000 217200 000e00 000000 000000 000000 000000 000000 000000 000000 000000 000000 000000 000000 000000 000000 000000 000000 000000 000000 000000 000000 a3a600 b2cf00 94e500 8add00 b2d500 a4a800 000000 000b00 206e00 000000 000000 000000 000000 000000 000000 000d00 368c00 b8f100 000000 001000 247400 000000 000000 000000 000000 000000 000000 000000 000000 000000 000000 000000 000000 000000 000d00 032500 032600 000e00 000000 000000 000000 000000 000000 000000 000000 000000 000000 000000
t=245 000000 000000 000000 000000 91e900 a8c900 999d00 979b00 a8c400 9bf000 000000 000000 000000 000000 000000 000000 000000 000000 000000 000000 000000 000000 000000 000000 000000 000000 000000 000000 000000 000000 000000 227600 001300 000000 adea00 359400 001400 000000 000000 000000 000000 000000 000000 247c00 001800 000000 000000 000000 000000 000000 000000 000000 000000 000000 000000 000000 000000 000000 000000 000000 000000 000000 000000 000000 999d00 aac600 9aee00 90e700 aacb00 9b9f00 000000 001500 237800 000000 000000 000000 000000 000000 000000 001600 3a9500 b1e800 000000 001900 277d00 000000 000000 000000 000000 000000 000000 000000 000000 000000 000000 000000 000000 000000 001600 032f00 032f00 001700 000000 000000 000000 000000 000000 000000 000000 000000 000000 000000
t=250 000000 000000 000000 000000 97f200 a0c000 909300 8e9100 a0ba00 a1f900 000000 000000 000000 000000 000000 000000 000000 000000 000000 000000 000000 000000 000000 000000 000000 000000 000000 000000 000000 000000 000000 257f00 001c00 000000 a6e100 399d00 001d00 000000 000000 000000 000000 000000 000000 278500 002100 000000 000000 000000 000000 000000 000000 000000 000000 000000 000000 000000 000000 000000 000000 000000 000000 000000 000000 000000 909400 a2bd00 a0f700 95f000 a2c200 929600 000000 001e00 268100 000000 000000 000000 000000 000000 000000 001f00 3d9f00 aadf00 000000 002300 2a8700 000000 000000 000000 000000 000000 000000 000000 000000 000000 000000 000000 000000 000000 001f00 043800 043800 002100 000000 000000 000000 000000 000000 000000 000000 000000 000000 000000
t=255 000000 000000 000000 000000 9cfb00 98b600 878a00 858800 98b100 a2fa00 000000 000000 000000 000000 000000 000000 000000 000000 000000 000000 000000 000000 000000 000000 000000 000000 000000 000000 000000 000000 000000 288900 002600 000000 9fd700 3ca600 002700 000000 000000 000000 000000 000000 000000 2a8e00 002a00 000000 000000 000000 000000 000000 000000 000000 000000 000000 000000 000000 000000 000000 000000 000000 000000 000000 000000 000000 878a00 9ab300 a3fc00 9bf900 9ab900 898c00 000000 002700 288a00 000000 000000 000000 000000 000000 000000 002900 41a800 a3d500 000000 002c00 2d9000 000000 000000 000000 000000 000000 000000 000000 000000 000000 000000 000000 000000 000000 002900 054100 054200 002a00 000000 000000 000000 000000 000000 000000 000000 000000 000000 000000
t=260 000000 000000 000000 000000 9bf800 90ad00 7e8100 7c7f00 90a800 9cf100 000000 000000 000000 000000 000000 000000 000000 000000 000000 000000 000000 000000 000000 000000 000000 000000 000000 000000 000000 000000 000000 2b9200 002f00 000000 99ce00 40b000 003000 000000 000000 000000 000000 000000 000000 2c9800 003400 000000 000000 000000 000000 000000 000000 000000 000000 000000 000000 000000 000000 000000 000000 000000 000000 000000 000000 000000 7e8100 92aa00 9df300 9cfa00 92af00 808300 000000 003100 2b9400 000000 000000 000000 000000 000000 000000 003200 45b100 9ccc00 000000 003500 309900 000000 000000 000000 000000 000000 000000 000000 000000 000000 000000 000000 000000 000400 003200 064b00 064b00 003300 000600 000000 000000 000000 000000 000000 000000 000000 000000 000000
t=265 000000 000000 000000 000000 95ef00 89a400 747700 737500 889f00 96e800 000000 000000 000000 000000 000000 000000 000000 000000 000000 000000 000000 000000 000000 000000 000000 000000 000000 000000 000000 000000 000000 2d9b00 003800 000000 92c500 43b900 003900 000000 000000 000000 000000 000000 000000 2fa100 003d00 000000 000000 000000 000000 000000 000000 000000 000000 000000 000000 000000 000000 000000 000000 000000 000000 000000 000000 000000 757800 8aa100 97ea00 96f100 8ba600 777a00 000000 003a00 2e9d00 000000 000000 000000 000000 000000 000000 003b00 48bb00 95c300 000000 003f00 33a300 000000 000000 000000 000000 000000 000000 000000 000000 000000 000000 000000 000000 000e01 003b00 065400 065400 003d00 000f01 000000 000000 000000 000000 000000 000000 000000 000000 000000
t=270 000000 000000 000000 000000 8fe600 819a00 6b6e00 696c00 809500 90de00 000000 000000 000000 000000 000000 000000 000000 000000 000000 000000 000000 000000 000000 000000 000000 000000 000000 000000 000000 000000 000000 30a500 004200 000000 8bbb00 46c200 004300 000000 000000 000000 000000 000000 000000 32aa00 004600 000000 000000 000000 000000 000000 000000 000000 000000 000000 000000 000000 000000 000000 000000 000000 000000 000000 000000 000000 6c6f00 829700 91e000 90e800 839d00 6e7000 000000 004300 31a600 000000 000000 000000 000000 000000 000000 004500 4cc400 8eb900 000000 004800 36ac00 000000 000000 000000 000000 000000 000000 000000 000000 000000 000000 000000 000000 001702 004500 075d00 075e00 004600 001902 000000 000000 000000 000000 000000 000000 000000 000000 000000
t=275 000000 000000 000000 000000 89dc00 799100 626500 606300 788c00 8ad500 000000 000000 000000 000000 000000 000000 000000 000000 000000 000000 000000 000000 000000 000000 000000 000000 000000 000000 000000 000000 000000 33ae00 004b00 000000 84b200 4acb00 004c00 000000 000000 000000 000000 000000 000000 35b400 005000 000000 000000 000000 000000 000000 000000 000000 000000 000000 000000 000000 000000 000000 000000 000000 000000 000000 000000 000000 636500 7a8e00 8bd700 8ade00 7b9300 656700 000000 004c00 33af00 000000 000000 000000 000000 000000 000000 004e00 4fcd00 87b000 000000 005100 39b500 000000 000000 000000 000000 000000 000000 000000 000000 000000 000000 000000 000000 002003 004e00 086600 086700 004f00 002204 000000 000000 000000 000000 000000 000000 000000 000000 000000
t=280 000000 000000 000000 000000 83d300 718800 595b00 575900 708300 84cc00 000400 000000 000000 000000 000000 000300 000000 000000 000000 000000 000000 000000 000000 000000 000000 000000 000000 000000 000000 000000 000000 36b700 005400 000000 7da900 4dd500 015500 000000 000000 000000 000000 000000 000000 37bd00 015900 000000 000000 000000 000000 000000 000000 000000 000000 000000 000000 000000 000000 000000 000000 000000 000000 000100 000000 000000 5a5c00 728500 85ce00 85d500 738a00 5c5e00 000000 015600 36b900 000000 000000 000000 000000 000000 000000 015700 53d700 7fa700 000000 015b00 3cbf00 000000 000000 000000 000000 000000 000000 000000 000000 000000 000000 000000 000000 002a04 015700 097000 097000 015900 002b05 000000 000000 000000 000000 000000 000000 000000 000000 000000
t=285 000000 000000 000000 000000 7eca00 6a7e00 505200 4e5000 687900 7ec200 000d03 000000 000000 000000 000000 000c02 000000 000000 000000 000000 000000 000000 000000 000000 000000 000000 000000 000000 000000 000000 000000 38c100 005e00 000000 769f00 51de00 015f00 000000 000000 000000 000000 000000 000000 3ac600 016200 000000 000000 000000 000000 000000 000000 000000 000000 000000 000000 000000 000000 000000 000000 000000 000902 000a02 000000 000000 515300 6a7c00 7fc400 7fcc00 6b8100 535500 000000 015f00 39c200 000000 000000 000000 000000 000000 000000 016100 57e000 789d00 000000 016400 3fc800 000000 000000 000000 000000 000000 000000 000000 000000 000000 000000 000000 000000 003306 016100 0a7900 0a7a00 016200 003506 000000 000000 000000 000000 000000 000000 000000 000000 000000
t=290 000000 000000 000000 000000 78c000 627500 474900 454700 607000 78b900 001605 000200 000000 000000 000000 001505 000000 000000 000000 000000 000000 000000 000000 000000 000000 000000 000000 000000 000000 000000 000000 3bca00 006700 000000 6f9600 54e700 016800 000000 000000 000000 000000 000000 000000 3dd000 016c00 000000 000000 000000 000000 000000 000000 000000 000000 000000 000000 000000 000000 000000 000000 000000 001304 001404 000000 000000 484900 627200 79bb00 79c200 647700 494b00 000000 016800 3bcb00 000000 000000 000000 000000 000000 000000 016a00 5ae900 719400 000100 016d00 42d100 000000 000000 000000 000000 000000 000000 000000 000000 000000 000000 000000 000000 003c07 016a00 0a8200 0a8300 016b00 003e07 000000 000000 000000 000000 000000 000000 000000 000000 000000
t=295 000000 000000 000000 000000 72b700 5a6c00 3e3f00 3c3d00 586700 72b000 001f07 000c03 000000 000000 000902 001f07 000000 000000 000000 000000 000000 000000 000000 000000 000000 000000 000000 000000 000000 000000 000000 3ed300 007000 000501 688d00 57f100 017100 000000 000000 000000 000000 000000 000000 3fd900 017500 000902 000000 000000 000000 000000 000000 000000 000000 000000 000000 000000 000000 000000 000000 000602 001c06 001d06 000902 000000 3e4000 5a6900 73b200 73b900 5c6e00 404200 000702 017200 3ed500 000000 000000 000000 000000 000000 000000 017300 5ef300 6a8b00 000b03 017700 45da00 000000 000000 000000 000000 000000 000000 000000 000000 000000 000000 000000 000601 004608 017300 0b8c00 0b8c00 017500 004708 000802 000000 000000 000000 000000 000000 000000 000000 000000
t=300 000000 000000 000000 000000 6cae00 526200 353600 333400 505d00 6ca600 002909 001506 000000 000000 001205 002809 000000 000000 000000 000000 000000 000000 000000 000000 000000 000000 000000 000000 000000 000000 000000 41dd00 007a00 000e04 618300 5bfa00 017b00 000000 000000 000000 000000 000000 000000 42e200 017e00 001205 000000 000000 000000 000000 000000 000000 000000 000000 000000 000000 000000 000000 000000 001004 002508 002609 001205 000000 353700 526000 6da800 6db000 546500 373900 001005 017b00 41de00 000000 000000 000000 000000 000000 000000 017d00 62fc00 638100 001405 018000 48e400 000000 000000 000000 000000 000000 000000 000000 000000 000000 000000 000000 000f04 004f09 017d00 0c9500 0c9600 017e00 005109 001104 000000 000000 000000 000000 000000 000000 000000 000000
t=305 000000 000000 000000 000000 66a400 4a5900 2c2d00 2a2b00 485400 659d00 00320b 001e08 000000 000000 001c07 00310b 000000 000000 000000 000000 000000 000000 000000 000000 000000 000000 000000 000000 000000 000000 000000 43e600 008300 001807 5a7a00 5bfa00 018400 000000 000000 000000 000000 000000 000000 45ec00 018800 001c07 000000 000000 000000 000000 000000 000000 000000 000000 000000 000000 000000 000000 000000 001907 002f0b 00300b 001c07 000000 2c2d00 4a5600 679f00 68a600 4c5b00 2e2f00 001907 018400 44e700 000000 000000 000000 000000 000000 000000 018600 60f800 5c7800 001d08 018900 4bed00 000000 000000 000000 000000 000000 000000 000000 000000 000000 000000 000000 001807 00580a 018600 0d9e00 0d9f00 018700 005a0a 001b07 000000 000000 000000 000000 000000 000000 000000 000000
t=310 000000 000000 000000 000000 619b00 435000 232300 212100 404b00 5f9400 003b0e 00280b 000000 000000 00250a 003b0d 000000 000000 000000 000000 000000 000000 000000 000000 000000 000000 000000 000000 000000 000000 000000 46ef00 008c00 00210a 537100 57f000 018d00 000000 000000 000000 000000 000000 000000 48f500 019100 00250a 000000 000000 000000 000000 000000 000000 000000 000000 000000 000000 000000 000000 000000 00220a 00380d 00390d 00250a 000000 232400 424d00 619600 629d00 455200 252600 00230a 018e00 46f100 000000 000000 000000 000000 000000 000000 018f00 5cee00 556f00 00270b 019300 4ef600 000000 000000 000000 000000 000000 000000 000000 000000 000000 000000 000000 00220a 00620b 018f00 0da800 0da800 019100 00630b 00240a 000000 000000 000000 000000 000000 000000 000000 000000
t=315 000000 000000 000000 000000 5b9200 3b4700 191a00 171800 384100 598a00 004510 00310d 000a04 000602 002e0d 004410 000000 000000 000000 000000 000000 000000 000000 000000 000000 000000 000000 000000 000000 000000 000000 49f900 009500 002a0d 4d6700 54e700 019700 000000 000000 000000 000000 000000 000000 4afe00 019a00 002e0d 000000 000000 000000 000000 000000 000000 000000 000000 000000 000000 000000 000000 000301 002c0d 00410f 00420f 002e0d 000703 1a1b00 3a4400 5b8c00 5c9400 3d4900 1c1d00 002c0d 019700 49fa00 000000 000000 000000 000000 000000 000000 019800 59e500 4e6600 00300d 019c00 50fd00 000000 000000 000000 000000 000000 000000 000000 000000 000000 000000 000000 002b0d 006b0c 019900 0eb100 0eb100 019a00 006d0c 002d0c 000000 000000 000000 000000 000000 000000 000000 000000
t=320 000000 000000 000000 000000 558900 333d00 101100 0e0f00 303800 538100 004e12 003a10 001307 000f06 00380f 004d12 000000 000000 000000 000000 000000 000000 000000 000000 000000 000000 000000 000000 000000 000000 000000 49fb00 009f00 00340f 465e00 51de00 01a000 000000 000000 000000 000000 000000 000000 48f500 01a400 00380f 000000 000000 000000 000000 000000 000000 000000 000000 000000 000000 000000 000000 000c05 003510 004b11 004c11 00380f 001106 111100 323a00 558300 568a00 353f00 131300 003510 01a000 49fa00 000000 000000 000000 000000 000000 000000 01a200 55dc00 465c00 003910 01a500 4df400 000000 000000 000000 000000 000000 000000 000000 000000 000000 000000 000000 003410 00740d 01a200 0fba00 0fbb00 01a300 00760d 00360f 000000 000000 000000 000000 000000 000000 000000 000000
t=325 000000 000000 000000 000000 4f7f00 2b3400 070700 050500 282f00 4d7800 005714 004413 001c0b 001809 004112 005714 000000 000000 000000 000000 000000 000000 000000 000000 000000 000000 000000 000000 000000 000000 000000 47f200 00a800 003d12 3f5500 4dd400 01a900 000000 000000 000000 000000 000000 000000 45ec00 02ad00 004112 000000 000000 000000 000000 000000 000000 000000 000000 000000 000000 000000 000000 001609 003e13 005413 005514 004112 001a0a 080800 2a3100 4f7a00 508100 2d3600 0a0a00 003f13 02aa00 46f000 000000 000000 000000 000000 000000 000000 02ab00 51d200 3f5300 004312 02af00 4aeb00 000000 000000 000000 000000 000000 000000 000000 000000 000000 000000 000000 003e13 007d0e 02ab00 10c400 10c400 02ad00 007f0f 004012 000000 000000 000000 000000 000000 000000 000000 000000
t=330 000000 000000 000000 000000 497600 232b00 000000 000000 202500 476e00 006116 004d15 00260f 00220d 004a15 006016 000000 000000 000000 000000 000000 000000 000000 000000 000000 000000 000000 000000 000000 000000 000000 44e800 00b100 004615 384b00 4acb00 02b300 000000 000000 000000 000000 000000 000000 42e300 02b600 004a15 000000 000000 000000 000000 000000 000000 000000 000000 000000 000000 000000 000000 001f0d 004816 005d16 005e16 004a15 00230e 000000 222800 497000 4b7800 252d00 010100 004816 02b300 44e700 000000 000000 000000 000000 000000 000000 02b400 4ec900 384a00 004c15 02b800 47e100 000000 000000 000000 000000 000000 000000 000000 000000 000000 000000 000000 004715 00870f 02b500 10cd00 10cd00 02b600 008810 004914 000000 000000 000000 000000 000000 000000 000000 000000
t=335 000000 000000 000000 000000 446d00 1c2100 000000 000000 181c00 416500 006a19 005618 002f13 002b11 005417 006918 000000 000000 000000 000000 000000 000000 000000 000000 000000 000000 000000 000000 000000 000000 000000 41df00 00bb00 005018 314200 46c200 02bc00 000000 000000 000000 000000 000000 000000 40d900 02c000 005417 000000 000000 000000 000000 000000 000000 000000 000000 000000 000000 000000 000000 002811 005118 006718 006718 005417 002d12 000000 1a1e00 436700 456e00 1e2400 000000 005118 02bc00 41de00 000000 000000 000000 000000 000000 000000 02be00 4ac000 314000 005518 02c100 44d800 000000 000000 000000 000000 000000 000000 000000 000000 000000 000000 000201 005018 009011 02be00 11d600 11d700 02bf00 009211 005217 000502 000000 000000 000000 000000 000000 000000 000000
t=340 000000 000000 000000 000000 3e6300 141800 000000 000000 101300 3b5c00 00731b 00601b 003816 003415 005d1a 00721b 000000 000000 000000 000000 000000 000000 000000 000000 000000 000000 000000 000000 000000 000000 000000 3fd600 00c400 00591b 2a3900 43b800 02c500 000000 000000 000000 000000 000000 000000 3dd000 02c900 005d1a 000000 000000 000000 000000 000000 000000 000000 000000 000000 000000 000000 000000 003215 005a1b 00701a 00711a 005d1a 003615 000000 121500 3d5e00 3f6500 161a00 000000 005b1b 02c600 3ed400 000000 000000 000000 000000 000000 000000 02c700 47b600 2a3700 005f1a 02cb00 41cf00 000000 000000 000000 000000 000000 000000 000000 000000 000000 000000 000c06 005a1b 009912 02c700 12e000 12e000 02c800 009b12 005c1a 000e07 000000 000000 000000 000000 000000 000000 000000
t=345 000000 000000 000000 000000 385a00 0c0f00 000000 000000 080900 355300 007d1d 00691d 00421a 003d18 00661c 007c1d 000000 000000 000000 000000 000000 000000 000000 000000 000000 000000 000000 000000 000000 000000 000000 3ccc00 00cd00 00621e 233000 40af00 02ce00 000000 000000 000000 000000 000000 000000 3ac700 02d200 00661d 000000 000000 000000 000000 000000 000000 000000 000000 000000 000000 000000 000000 003b19 00641e 00791c 007a1c 00661d 003f19 000000 0a0c00 365400 395c00 0e1100 000000 00641e 02cf00 3bcb00 000000 000000 000000 000000 000000 000000 02d000 43ad00 232e00 00681d 02d400 3ec500 000000 000000 000000 000000 000000 000000 000000 000000 000000 000000 00150b 00631e 00a313 02d100 13e900 13e900 02d200 00a413 00651c 00180c 000000 000000 000000 000000 000000 000000 000000
t=350 000000 000000 000000 000000 325100 040500 000000 000000 000000 2f4900 00861f 007220 004b1e 00471c 00701f 00851f 000000 000000 000000 000000 000000 000000 000000 000000 000000 000000 000000 000000 000000 000000 000000 39c300 00d700 006b21 1c2600 3ca600 02d800 000000 000000 000000 000000 000000 000000 37bd00 02dc00 00701f 000000 000000 000000 000000 000000 000000 000000 000000 000000 000000 000000 000000 00441d 006d21 00831e 00831f 00701f 00491d 000000 020200 304b00 335300 060800 000000 006d21 02d800 39c200 000000 000000 000000 000000 000000 000000 02da00 3fa400 1c2400 007120 02dd00 3bbc00 000000 000000 000000 000000 000000 000000 000000 000000 000000 000000 001e0f 006c21 00ac14 02da00 13f200 14f300 02db00 00ae14 006e1f 002111 000000 000000 000000 000000 000000 000000 000000
t=355 000000 000000 000000 000000 2c4700 000000 000000 000000 000000 294000 008f21 007b23 005421 005020 007922 008e21 000000 000000 000000 000000 000000 000000 000000 000000 000000 000000 000000 000000 000000 000000 000000 36ba00 00e000 007523 151d00 399c00 02e100 000000 000000 000000 000000 000000 000000 35b400 02e500 007922 000000 000000 000000 000000 000000 000000 000000 000000 000000 000000 000000 000000 004e21 007624 008c21 008d21 007922 005220 000000 000000 2a4200 2d4900 000000 000000 007624 02e200 36b800 000000 000000 000000 000000 000000 000000 02e300 3c9a00 141b00 007b22 02e600 38b300 000000 000000 000000 000000 000000 000000 000000 000000 000000 000000 002814 007624 00b515 02e300 14fc00 14fc00 02e400 00b715 007821 002a16 000000 000000 000000 000000 000000 000000 000000
t=360 000000 000000 000000 000000 263e00 000000 000000 000000 000000 233700 009924 008525 005e25 005923 008224 009823 000000 000000 000000 000000 000000 000000 000000 000000 000000 000000 000000 000000 000000 000000 000000 34b000 00e900 007e26 0e1400 359300 02ea00 000000 000000 000000 000000 000000 000000 32ab00 02ee00 008224 000000 000000 000000 000000 000000 000000 000000 000000 000000 000000 000000 000000 005725 008027 009523 009623 008224 005b24 000000 000000 243900 284000 000000 000000 008027 02eb00 33af00 000000 000000 000000 000000 000000 000000 02ec00 389100 0d1200 008425 02f000 35a900 000000 000000 000000 000000 000000 000000 000000 000000 000000 000000 003119 007f26 00bf16 02ed00 14f800 14f800 02ee00 00c016 008124 00341a 000000 000000 000000 000000 000000 000000 000000
t=365 000000 000000 000000 000000 213500 000000 000000 000000 000000 1d2d00 00a226 008e28 006729 006327 008b27 00a126 000000 000000 000000 000000 000000 000000 000000 000000 000000 000000 000000 000000 000000 000000 000000 31a700 00f300 008729 070a00 328a00 02f400 000000 000000 000000 000000 000000 000000 2fa100 02f800 008c27 000000 000000 000000 000000 000000 000000 000000 000000 000000 000000 000000 000000 006029 00892a 009f25 009f25 008c27 006528 000000 000000 1e2f00 223700 000000 000000 00892a 02f400 30a600 000000 000000 000000 000000 000000 000000 02f600 348800 060800 008d28 02f900 32a000 000000 000000 000000 000000 000000 000000 000000 000000 000000 000000 003a1e 008829 00c817 02f600 13ef00 13ee00 02f700 00ca17 008a27 003d1f 000000 000000 000000 000000 000000 000000 000000
t=370 000000 000000 000000 000000 1b2b00 000000 000000 000000 000000 172400 00ab28 00972a 00702d 006c2b 00952a 00aa28 000000 000000 000000 000000 000000 000000 000000 000000 000000 000000 000000 000000 000000 000000 000000 2e9e00 00fc00 00912c 010100 2f8000 02fd00 000000 000000 000000 000000 000000 000000 2c9800 02fc00 00952a 000000 000000 000000 000000 000000 000000 000000 000000 000000 000000 000000 000000 006a2c 00922c 00a827 00a927 00952a 006e2c 000000 000000 182600 1c2d00 000000 000000 00922c 02fe00 2e9c00 000000 000000 000000 000000 000000 000000 02fe00 317e00 000000 00972a 02fb00 309700 000000 000000 000000 000000 000000 000000 000000 000000 000000 000000 004423 00922c 00d118 02fe00 12e500 12e500 02fd00 00d318 009429 004624 000000 000000 000000 000000 000000 000000 000000
t=375 000000 000000 000000 000000 152200 000000 000000 000000 000000 111b00 00b52a 00a12d 007a30 00752f 009e2c 00b42a 000000 000000 000000 000000 000000 000000 000000 000000 000000 000000 000000 000000 000000 000000 000000 2b9400 00f800 009a2f 000000 2b7700 02f700 000000 000000 000000 000000 000000 000000 2a8f00 02f300 009e2c 000000 000000 000000 000000 000000 000000 000000 000000 000000 000000 000000 000000 007330 009c2f 00b129 00b22a 009e2c 00772f 000000 000000 121d00 162400 000000 000000 009c2f 02f600 2b9300 000000 000000 000000 000000 000000 000000 02f500 2d7500 000000 00a02d 02f100 2d8d00 000000 000000 000000 000000 000000 000000 000000 000000 000000 000000 004d28 009b2f 00db19 02f500 12dc00 12dc00 02f300 00dc19 009d2c 005029 000000 000000 000000 000000 000000 000000 000000
t=380 000000 000000 000000 000000 0f1900 000000 000000 000000 000000 0b1100 00be2c 00aa30 008334 007f32 00a72f 00bd2c 000000 000000 000000 000000 000000 000000 000000 000000 000000 000000 000000 000000 000000 000000 000000 298b00 00ee00 00a332 000000 286e00 02ed00 000000 000000 000000 000000 000000 000000 278500 02e900 00a82f 000000 000000 000000 000000 000000 000000 000000 000000 000000 000000 000000 000000 007c34 00a532 00ba2b 00bb2c 00a82f 008133 000000 000000 0c1300 101b00 000000 000000 00a532 02ed00 288a00 000000 000000 000000 000000 000000 000000 02eb00 2a6c00 000000 00a92f 02e800 2a8400 000000 000000 000000 000000 000000 000000 000000 000000 000000 000000 00562c 00a432 00e41a 02eb00 11d300 11d200 02ea00 00e61b 00a62f 00592e 000101 000000 000000 000000 000000 000000 000000
t=385 000000 000000 000000 000000 090f00 000000 000000 000000 000000 050800 00c72f 00b332 008c38 008836 00b132 00c62e 000000 000000 000000 000000 000000 000000 000000 000000 000000 000000 000000 000000 000000 000000 000000 268200 00e500 00ad34 000000 246400 02e400 000000 000000 000000 000000 000000 000000 247c00 02e000 00b132 000000 000000 000000 000000 000000 000000 000000 000000 000000 000000 000000 000000 008638 00ae35 00c42e 00c52e 00b132 008a37 000000 000000 060a00 0b1100 000000 000000 00ae35 02e300 258000 000000 000000 000000 000000 000000 000000 02e200 266200 000000 00b332 02df00 277b00 000000 000000 000000 000000 000000 000000 000000 000000 000000 000705 006031 00ad35 00ed1b 02e200 10c900 10c900 02e100 00ef1c 00b031 006233 000a08 000000 000000 000000 000000 000000 000000
t=390 000000 000000 000000 000000 040600 000000 000000 000000 000000 000000 00d131 00bd35 00963c 00913a 00ba34 00d030 000000 000000 000000 000000 000000 000000 000000 000000 000000 000000 000000 000000 000000 000000 000000 237900 00dc00 00b637 000000 215b00 02db00 000000 000000 000000 000000 000000 000000 217300 02d700 00ba34 000000 000000 000000 000000 000000 000000 000000 000000 000000 000000 000000 000000 008f3c 00b838 00cd30 00ce30 00ba34 00933b 000000 000000 000100 050800 000000 000000 00b838 02da00 237700 000000 000000 000000 000000 000000 000000 02d900 225900 000000 00bc35 02d500 247100 000000 000000 000000 000000 000000 000000 000000 000000 000000 00100d 006936 00b738 00f71d 02d900 0fc000 0fc000 02d700 00f81d 00b934 006b37 00140f 000000 000000 000000 000000 000000 000000
t=395 000000 000000 000000 000000 000000 000000 000000 000000 000000 000000 00da33 00c638 009f3f 009b3e 00c337 00d933 000000 000000 000000 000000 000000 000000 000000 000000 000000 000000 000000 000000 000000 000000 000000 206f00 00d200 00bf3a 000000 1e5200 02d100 000000 000000 000000 000000 000000 000000 1f6a00 02ce00 00c437 000000 000000 000000 000000 000000 000000 000000 000000 000000 000000 000000 000000 009840 00c13b 00d632 00d732 00c437 009d3e 000000 000000 000000 000000 000000 000000 00c13b 02d100 206e00 000000 000000 000000 000000 000000 000000 02cf00 1f5000 000000 00c537 02cc00 216800 000000 000000 000000 000000 000000 000000 000000 000000 000000 001a14 00723b 00c03a 00fd1d 02cf00 0fb700 0fb600 02ce00 00fb1d 00c237 00753c 001d16 000000 000000 000000 000000 000000 000000
t=400 000000 000000 000000 000000 000000 000000 000000 000000 000000 000000 00e335 00cf3a 00a843 00a441 00cd39 00e235 000000 000000 000000 000000 000000 000000 000000 000000 000000 000000 000000 000000 000000 000000 000000 1e6600 00c900 00c93d 000000 1a4800 02c800 000000 000000 000000 000000 000000 000000 1c6000 02c400 00cd39 000000 000000 000000 000000 000000 000000 000000 000000 000000 000000 000000 000000 00a244 00ca3e 00e034 00e134 00cd39 00a642 000000 000000 000000 000000 000000 000000 00ca3e 02c700 1d6400 000000 000000 000000 000000 000000 000000 02c600 1b4700 000000 00cf3a 02c300 1e5f00 000000 000000 000000 000000 000000 000000 000000 000000 000000 00231b 007c40 00c93d 00f41c 02c600 0ead00 0ead00 02c500 00f21c 00cc39 007e41 00261e 000000 000000 000000 000000 000000 000000
t=405 000000 000000 000000 000000 000000 000000 000000 000000 000000 000000 00ed37 00d93d 00b247 00ad45 00d63c 00ec37 000000 000000 000000 000000 000000 000000 000000 000000 000000 000000 000000 000000 000000 000000 000000 1b5d00 00c000 00d240 000000 173f00 02bf00 000000 000000 000000 000000 000000 000000 195700 02bb00 00d63c 000000 000000 000000 000000 000000 000000 000000 000000 000000 000000 000000 000000 00ab48 00d440 00e936 00ea37 00d63c 00af46 000000 000000 000000 000000 000000 000000 00d440 02be00 1a5b00 000000 000000 000000 000000 000000 000000 02bd00 173d00 000000 00d83d 02b900 1b5500 000000 000000 000000 000000 000000 000000 000000 000000 000000 002c22 008545 00d340 00ea1b 02bd00 0da400 0da400 02bb00 00e91b 00d53c 008746 003025 000000 000000 000000 000000 000000 000000
t=410 000000 000000 000000 000000 000000 000000 000000 000000 000000 000000 00f639 00e23f 00bb4a 00b749 00df3f 00f539 000000 000000 000000 000000 000000 000000 000000 000000 000000 000000 000000 000000 000000 000000 000000 185300 00b600 00db43 000000 133600 02b500 000000 000000 000000 000000 000000 000000 164e00 02b200 00e03f 000000 000000 000000 000000 000000 000000 000000 000000 000000 000000 000000 000000 00b44c 00dd43 00f239 00f339 00e03f 00b849 000000 000000 000000 000000 000000 000000 00dd43 02b500 185200 000000 000000 000000 000000 000000 000000 02b300 143400 000000 00e13f 02b000 184c00 000000 000000 000000 000000 000000 000000 000000 000000 000000 00362a 008e49 00dc43 00e11a 02b300 0c9b00 0c9a00 02b200 00df1a 00de3e 00914b 00392c 000000 000000 000000 000000 000000 000000
t=415 000000 000000 000000 000000 000000 000000 000000 000000 000000 000000 00fe3b 00eb42 00c44e 00c04c 00e941 00fe3b 000000 000000 000000 000000 000000 000000 000000 000000 000000 000000 000000 000000 000000 000000 000000 154a00 00ad00 00e546 000000 102d00 02ac00 000000 000000 000000 000000 000000 000000 144400 01a800 00e941 000000 000000 000000 000000 000000 000000 000000 000000 000000 000000 000000 000000 00be50 00e646 00fc3b 00fd3b 00e941 00c24d 000000 000000 000000 000000 000000 000000 00e646 02ac00 154800 000000 000000 000000 000000 000000 000000 02aa00 102b00 000000 00eb42 01a700 154300 000000 000000 000000 000000 000000 000000 000000 000000 000000 003f31 00984e 00e546 00d819 02aa00 0c9100 0b9100 01a900 00d619 00e841 009a50 004233 000000 000000 000000 000000 000000 000000
t=420 000000 000000 000000 000000 000000 000000 000000 000000 000000 000000 00f439 00f545 00ce52 00c950 00f244 00f539 000000 000000 000000 000000 000000 000000 000000 000000 000000 000000 000000 000000 000000 000000 000000 134100 00a400 00ee48 000000 0d2300 01a300 000000 000000 000000 000000 000000 000000 113b00 019f00 00f244 000000 000000 000000 000000 000000 000000 000000 000000 000000 000000 000000 000000 00c754 00f049 00f83a 00f73a 00f244 00cb51 000000 000000 000000 000000 000000 000000 00f049 01a200 123f00 000000 000000 000000 000000 000000 000000 01a100 0d2100 000000 00f444 019d00 123900 000000 000000 000000 000000 000000 000000 000000 000000 000000 004838 00a153 00ef49 00ce18 01a100 0b8800 0b8800 019f00 00cd18 00f144 00a354 004c3b 000000 000000 000000 000000 000000 000000
t=425 000000 000000 000000 000000 000000 000000 000000 000000 000000 000000 00eb37 00fe47 00d756 00d354 00fb47 00ec37 000000 000000 000000 000000 000000 000000 000000 000000 000000 000000 000000 000000 000000 000000 000000 103700 009a00 00f74b 000000 091a00 019900 000000 000000 000000 000000 000000 000000 0e3200 019600 00fc47 000000 000000 000000 000000 000000 000000 000000 000000 000000 000000 000000 000000 00d058 00f94c 00ef38 00ee38 00fb47 00d455 000000 000000 000000 000000 000000 000000 00f94c 019900 0f3600 000000 000000 000000 000000 000000 000000 019700 091800 000000 00fd47 019400 0f3000 000000 000000 000000 000000 000000 000000 000000 000000 000000 00523f 00aa58 00f84c 00c517 019700 0a7f00 0a7e00 019600 00c317 00fa46 00ad59 005542 000000 000000 000000 000000 000000 000000
t=430 000000 000000 000000 000000 000000 000000 000000 000000 000000 000000 00e235 00f645 00e059 00dc58 00f846 00e335 000000 000000 000808 000809 000000 000000 000000 000000 000000 000000 000000 000000 000000 000000 000000 0d2e00 009100 00fc4d 000000 061100 019000 000000 000000 000000 000000 000000 000000 0b2800 018c00 00f846 000000 000000 000000 000000 000000 000000 000606 000000 000000 000000 000000 000505 00da5c 00fb4c 00e536 00e435 00f846 00de58 000000 000000 000000 000000 000000 000000 00fb4c 019000 0d2d00 000000 000000 000000 000000 000000 000000 018e00 050f00 000000 00f645 018b00 0c2700 000000 000000 000000 000000 000000 000000 000000 000000 000000 005b47 00b45d 00fc4d 00bc16 018e00 097600 097500 018d00 00ba15 00f946 00b65e 005e49 000000 000000 000000 000000 000000 000000
t=435 000000 000000 000000 000000 000000 000000 000000 000000 000000 000000 00d833 00ec42 00e95d 00e55b 00ef43 00d933 000000 000101 001111 001212 000303 000000 000000 000000 000000 000000 000000 000000 000000 000000 000000 0a2500 008800 00f34a 000000 020700 018700 000000 000000 000000 000000 000000 000000 091f00 018300 00ef43 000000 000000 000000 000000 000000 000000 000f0f 000101 000000 000000 000000 000e0f 00e360 00f24a 00dc33 00db33 00ef43 00e75c 000000 000000 000000 000000 000000 000000 00f149 018600 0a2300 000000 000000 000000 000000 000000 000000 018500 020500 000000 00ed43 018100 091e00 000000 000000 000000 000000 000000 000000 000000 000000 000404 00644e 00bd62 00f24a 00b215 018500 086c00 086c00 018300 00b114 00f043 00bf63 006850 000707 000000 000000 000000 000000 000000
t=440 000000 000000 000000 000000 000000 000000 000000 000000 000000 000000 00cf30 00e340 00f361 00ef5f 00e640 00d031 000000 000a0b 001a1b 001b1b 000c0d 000000 000000 000000 000000 000000 000000 000000 000000 000000 000000 081b00 007e00 00ea47 000000 000000 017d00 000000 000000 000000 000000 000000 000000 061600 017a00 00e640 000000 000000 000000 000000 000000 000000 001819 00090a 000000 000000 000708 001818 00ec64 00e847 00d331 00d231 00e640 00f060 000000 000000 000000 000000 000000 000000 00e847 017d00 071a00 000000 000000 000000 000000 000000 000000 017b00 000000 000000 00e440 017800 061400 000000 000000 000000 000000 000000 000000 000000 000000 000d0d 006e55 00c666 00e947 00a913 017b00 086300 086200 017a00 00a713 00e741 00c968 007158 001011 000000 000000 000000 000000 000000
t=445 000000 000000 000000 000000 000000 000000 000000 000000 000000 000000 00c62e 00da3d 00fc65 00f863 00dc3e 00c72e 000000 001214 002324 002425 001416 000000 000000 000000 000000 000000 000000 000000 000000 000000 000000 051200 007500 00e044 000000 000000 017400 000000 000000 000000 000000 000000 000000 030c00 017000 00dc3e 000000 000000 000000 000000 000000 000000 002122 001213 000000 000000 001011 002121 00f668 00df44 00c92f 00c82f 00dc3e 00fa64 000000 000000 000000 000000 000000 000000 00df44 017400 051100 000000 000000 000000 000000 000000 000000 017200 000000 000000 00db3d 016f00 030b00 000000 000000 000000 000000 000000 000000 000000 000000 001517 00775c 00cf6b 00e044 00a012 017200 075a00 075900 017100 009e12 00dd3e 00d26c 007a5f 00191a 000000 000000 000000 000000 000000
t=450 000000 000000 000000 000000 000000 000000 000000 000000 000000 000000 00bd2c 00d03a 00f863 00fc64 00d33b 00bd2c 000000 001b1d 002c2d 002d2e 001d1f 000102 000000 000000 000000 000000 000000 000000 000000 000000 000000 020900 006c00 00d741 000000 000000 016b00 000000 000000 000000 000000 000000 000000 010300 016700 00d33b 000000 000000 000000 000000 000000 000000 002a2b 001b1d 000000 000000 00191b 002a2b 00fe6b 00d641 00c02d 00bf2d 00d33b 00fa64 000000 000000 000000 000000 000000 000000 00d541 016a00 020700 000000 000000 000000 000000 000000 000000 016900 000000 000000 00d13b 016500 000200 000000 000000 000000 000000 000000 000000 000000 000000 001e20 008064 00d970 00d641 009611 016900 065000 065000 016700 009511 00d43c 00db71 008466 002223 000000 000000 000000 000000 000000
t=455 000000 000000 000000 000000 000000 000000 000000 000000 000000 000000 00b32a 00c738 00ee5f 00f261 00ca39 00b42a 000608 002427 003537 003637 002629 00090b 000000 000000 000000 000000 000000 000000 000000 000000 000000 000000 006300 00ce3f 000000 000000 016100 000000 000000 000000 000000 000000 000000 000000 015e00 00ca39 000000 000000 000000 000000 000000 000000 003335 002326 000709 000405 002124 003334 00f567 00cc3e 00b72b 00b62a 00ca39 00f160 000000 000000 000000 000000 000000 000000 00cc3e 016100 000000 000000 000000 000000 000000 000000 000000 015f00 000000 000000 00c838 015c00 000000 000000 000000 000000 000000 000000 000000 000000 000000 002729 008a6b 00e275 00cd3e 008d10 015f00 054700 054600 015e00 008b10 00cb39 00e576 008d6d 002b2d 000000 000000 000000 000000 000000
t=460 000000 000000 000000 000000 000000 000000 000000 000000 000000 000000 00aa28 00be35 00e55b 00e95d 00c036 00ab28 000e11 002c30 003e40 003f41 002e32 001114 000000 000000 000000 000000 000000 000000 000000 000000 000000 000000 005900 00c43c 000000 000000 015800 000000 000000 000000 000000 000000 000000 000000 005400 00c036 000000 000000 000000 000000 000000 000000 003d3e 002c2f 000f12 000c0f 002a2d 003c3d 00eb63 00c33b 00ad28 00ac28 00c036 00e75c 000000 000000 000000 000000 000000 000000 00c33b 015800 000000 000000 000000 000000 000000 000000 000000 015600 000000 000000 00bf35 005300 000000 000000 000000 000000 000000 000000 000000 000000 000000 003033 009372 00eb7a 00c43c 00840f 015600 053e00 053d00 015500 00820f 00c236 00ee7b 009675 003336 000000 000000 000000 000000 000000
t=465 000000 000000 000000 000000 000000 000000 000000 000000 000000 000000 00a125 00b433 00dc58 00e059 00b733 00a126 00161a 003539 004849 00484a 00373b 00191e 000000 000000 000000 000000 000000 000000 000000 000000 000000 000000 005000 00bb39 000000 000000 004f00 000000 000000 000000 000000 000000 000000 000000 004b00 00b733 000000 000000 000000 000000 000000 000000 004647 003539 00171b 001418 003337 004547 00e260 00ba38 00a426 00a326 00b733 00de58 000000 000000 000000 000000 000000 000000 00b938 004e00 000000 000000 000000 000000 000000 000000 000000 004d00 000000 000000 00b533 004900 000000 000000 000000 000000 000000 000000 000000 000000 000000 00393c 009c79 00f57e 00ba39 007a0e 004d00 043400 043400 004b00 00790e 00b834 00f780 00a07c 003c3f 000000 000000 000000 000000 000000
t=470 000000 000000 000000 000000 000000 000000 000000 000000 000000 000000 009723 00ab30 00d254 00d655 00ae31 009823 001e24 003e43 005153 005153 004045 002127 000000 000000 000000 000000 000000 000000 000000 000000 000000 000000 004700 00b236 000000 000000 004500 000001 000000 000000 000000 000000 000000 000000 004200 00ae31 000000 000000 000000 000000 000000 000000 004f51 003d42 001f25 001c21 003b40 004e50 00d95c 00b036 009b24 009a24 00ae31 00d555 000000 000000 000000 000000 000000 000000 00b036 004500 000000 000000 000000 000000 000000 000000 000203 004400 000000 000000 00ac30 004000 000000 000000 000000 000000 000000 000000 000000 000000 000000 004245 00a680 00fe83 00b136 00710d 004300 032b00 032b00 004200 006f0d 00af31 00fc82 00a983 004549 000000 000000 000000 000000 000000
t=475 000000 000000 000000 000000 000000 000000 000000 000000 000000 000000 008e21 00a22d 00c950 00cd52 00a42e 008f21 00262d 00464c 005a5c 005a5d 00484e 002930 000000 000000 000000 000000 000000 000000 000000 000000 000000 000000 003d00 00a833 000000 000000 003c00 00070a 000000 000000 000000 000000 000000 000000 003800 00a42e 000000 000000 000000 000000 000000 000000 00585a 00464b 00272e 00242b 004449 005759 00d058 00a733 009122 009122 00a42e 00cb51 000000 000000 000000 000000 000000 000000 00a733 003c00 000000 000000 000000 000000 000000 000000 00090c 003a00 000000 000000 00a32e 003700 000000 000000 000000 000000 000000 000000 000000 000000 000000 004b4e 00af88 00f67f 00a833 00680c 003a00 022200 022100 003900 00660c 00a62e 00f37e 00b28a 004e52 000000 000000 000000 000000 000000
t=480 000000 000000 000000 000000 000000 000000 000000 000000 000000 000000 00851f 00982b 00c04c 00c44e 009b2b 00861f 002d36 004f55 006365 006466 005157 00313a 000000 000000 000000 000000 000000 000000 000000 000000 000000 000000 003400 009f30 000000 000000 003300 000e13 000000 000000 000000 000000 000000 000000 002f00 009b2b 000000 000000 000000 000000 000000 000000 006163 004f55 002f37 002b34 004d53 006063 00c654 009e30 008820 00871f 009b2b 00c24d 000000 000000 000000 000000 000000 000000 009d30 003200 000000 000000 000000 000000 000000 000000 001015 003100 000000 000000 00992b 002d00 000000 000000 000000 000000 000000 000000 000000 000000 000000 005458 00b88f 00ec7a 009e30 005f0b 003100 021800 021800 002f00 005d0a 009c2c 00ea79 00bc92 00575b 000000 000000 000000 000000 000000
t=485 000000 000000 000000 000000 000000 000000 000000 000000 000000 000000 007b1d 008f28 00b649 00bb4a 009229 007c1d 003540 00585f 006c6f 006d6f 005a60 003943 000000 000000 000000 000000 000000 000000 000000 000000 000000 000000 002b00 00962d 000000 000000 002900 00151d 000000 000000 000000 000000 000000 000000 002600 009229 000000 000000 000000 000000 000000 000000 006a6d 00575e 003740 00333d 00555c 00696c 00bd50 00942d 007f1d 007e1d 009229 00b94a 000000 000000 000000 000000 000000 000000 00942d 002900 000000 000000 000000 000000 000000 000000 00171f 002800 000000 000000 009028 002400 000000 000000 000000 000000 000000 000000 000000 000000 000000 005d61 00c296 00e375 00952d 00550a 002700 010f00 010f00 002600 005409 009329 00e074 00c599 006065 000000 000000 000000 000000 000000
t=490 000000 000000 000000 000000 000000 000000 000000 000000 000000 000000 00721a 008625 00ad45 00b147 008826 00731b 003d49 006068 007578 007679 00626a 00414c 000000 000000 000000 000000 000000 000000 000000 000000 000000 000000 002100 008d2b 000000 000000 002000 001c26 000000 000000 000000 000000 000000 000000 001c00 008826 000000 000000 000000 000000 000000 000000 007376 006067 003f4a 003b47 005e65 007375 00b44c 008b2a 00751b 00751b 008826 00af46 000000 000000 000000 000000 000000 000000 008b2a 002000 000000 000000 000000 000000 000000 000000 001d28 001e00 000000 000000 008726 001b00 000000 000000 000000 000000 000000 000000 000000 000000 000204 00656a 00cb9d 00da70 008c2a 004c08 001e00 000600 000500 001d00 004a08 008a26 00d76f 00cea0 00696e 000508 000000 000000 000000 000000
t=495 000000 000000 000000 000000 000000 000000 000000 000000 000000 000000 006918 007c23 00a441 00a843 007f24 006a18 004552 006971 007e81 007f82 006b73 004956 000000 000000 000000 000000 000000 000000 000000 000000 000000 000000 001800 008328 000000 000000 001700 00232f 000000 000000 000000 000000 000000 000000 001300 007f23 000000 000000 000000 000000 000000 000000 007c7f 006971 004753 004350 00676f 007c7f 00aa48 008227 006c19 006b19 007f24 00a642 000000 000000 000000 000000 000000 000000 008227 001600 000000 000000 000000 000000 000000 000000 002431 001500 000000 000000 007d23 001100 000000 000000 000000 000000 000000 000000 000000 000000 00080d 006e74 00d4a5 00d06c 008228 004307 001500 000000 000000 001400 004107 008024 00ce6a 00d8a7 007277 000b11 000000 000000 000000 000000
t=500 000000 000000 000000 000000 000000 000000 000000 000000 000000 000000 005f16 007320 009a3d 009f3f 007621 006016 004d5c 00727a 00878b 00888b 00747c 00515f 000000 000000 000000 000000 000000 000000 000000 000000 000000 000000 000f00 007a25 000000 000000 000e00 002a39 000000 000000 000000 000000 000000 000000 000a00 007621 000000 000000 000000 000000 000000 000000 008589 00717a 004f5c 004a59 006f78 008588 00a144 007824 006317 006217 007621 009d3e 000000 000000 000000 000000 000000 000000 007824 000d00 000000 000000 000000 000000 000000 000000 002b3b 000c00 000000 000000 007420 000800 000000 000000 000000 000000 000000 000000 000000 000000 000e17 00777d 00deac 00c767 007925 003906 000b00 000000 000000 000a00 003806 007721 00c465 00e1ae 007b81 00111a 000000 000000 000000 000000
t=505 000000 000000 000000 000000 000000 000000 000000 000000 000000 000000 005614 006a1e 00913a 00953b 006d1e 005714 005465 007a84 009094 009195 007c86 005968 000000 000000 000000 000000 000000 000000 000000 000000 000000 000000 000500 007122 000000 000000 000400 003142 000000 000000 000000 000000 000000 000000 000000 006c1e 000000 000000 000000 000000 000000 000000 008e92 007a83 005766 005263 007881 008e91 009840 006f22 005915 005914 006c1e 00933b 000000 000000 000000 000000 000000 000000 006f22 000400 000000 000000 000000 000000 000000 000000 003244 000200 000000 000000 006b1e 000000 000000 000000 000000 000001 000000 000000 000000 000000 001520 008086 00e7b3 00be62 007022 003005 000200 000000 000000 000100 002e05 006e1f 00bb61 00eab6 00838a 001724 000000 000000 000000 000000
t=510 000000 000000 000000 000000 000000 000000 000000 000000 000000 000000 004d12 00611b 008836 008c38 00631c 004e12 005c6e 00838d 00999d 009a9e 00858f 006172 000000 000000 000000 000000 000000 000000 000306 000000 000000 000000 000000 00671f 000000 000000 000000 00384b 000000 000000 000509 000000 000000 000000 000000 00631c 000000 000000 000000 000000 000000 000000 00989b 00838d 005f6f 005a6c 00818b 00979b 008e3c 00661f 005012 004f12 00631c 008a37 000000 000000 000000 000000 000000 000000 00661f 000000 000000 000000 000000 000408 000000 000000 00394d 000000 000000 000000 00611b 000000 000000 000000 000000 00060b 000000 000000 000000 000000 001b29 008990 00f0ba 00b45d 00661f 002704 000000 000000 000000 000000 002504 00641c 00b25c 00f3bd 008c93 001d2d 000000 000000 000000 000000
t=515 000000 000000 000000 000000 000000 000000 000000 000000 000000 000000 00430f 005718 007e32 008334 005a19 004410 006478 008c96 00a3a7 00a3a7 008e98 00697b 000000 000000 000000 000000 000000 000000 00080f 000000 000000 000000 000000 005e1c 000000 000000 000000 003f55 000000 000000 000a12 000000 000000 000000 000000 005a19 000000 000000 000000 000000 000000 000000 00a1a5 008b96 006778 006275 008994 00a0a4 008538 005c1c 004710 004610 005a19 008133 000000 000000 000000 000000 000000 000000 005c1c 000000 000000 000000 000000 000911 000000 000000 004057 000000 000000 000000 005818 000000 000000 000000 000000 000b14 000000 000000 000000 000000 002133 009299 00fac2 00ab58 005d1c 001d03 000000 000000 000000 000000 001c03 005b19 00a857 00fdc4 00959d 002336 000000 000000 000000 000000
t=520 000000 000000 000000 000000 000000 000000 000000 000000 000000 000000 003a0d 004e16 00752f 007930 005116 003b0d 006c81 0094a0 00acb0 00acb0 0096a2 007184 000000 000000 000000 000000 000000 000000 000d19 000000 000000 000000 000000 00551a 000000 000000 000000 00465e 000000 000000 000f1b 000000 000000 000000 000000 005016 000000 000000 000000 000000 000000 000000 00aaae 00949f 006f82 006a7f 00929d 00a9ad 007c34 005319 003e0e 003d0e 005016 00772f 000000 000000 000000 000000 000000 000000 005319 000000 000000 000000 000000 000e1a 000000 000000 004760 000000 000000 000000 004f16 000000 000000 000000 000000 00101d 000000 000000 000000 000000 00273c 009ba2 00fac2 00a253 005419 001402 000000 000000 000000 000000 001202 005217 009f52 00f7c0 009ea6 002940 000000 000000 000000 000000
t=525 000000 000000 000000 000000 000000 000000 000000 000000 000000 000000 00310b 004513 006c2b 00702c 004714 00320b 00738a 009da9 00b5b9 00b5ba 009fab 00798e 000000 000000 000000 000000 000000 000000 001222 000000 000000 000000 000000 004b17 000000 000000 000000 004c67 000000 000000 001425 000000 000000 000000 000000 004714 000000 000000 000000 000000 000000 000000 00b3b7 009da9 00778b 007188 009ba7 00b2b7 007230 004a16 00340c 00330c 004714 006e2c 000000 000000 000000 000000 000000 000000 004a16 000000 000000 000000 000000 001424 000000 000000 004e69 000000 000000 000000 004513 000000 000000 000000 000000 001527 000000 000000 000000 000000 002d45 00a4ac 00f1bb 00984f 004a16 000b01 000000 000000 000000 000000 000901 004814 00964d 00eeb8 00a7af 002f49 000000 000000 000000 000000
t=530 000000 000000 000000 000000 000000 000000 000000 000000 000000 000000 002709 003b10 006227 006729 003e11 002809 007b94 00a6b2 00bec2 00bfc3 00a8b4 008197 000000 000000 000000 000000 000000 000000 00172b 000000 000000 000000 000000 004214 000000 000000 000000 005371 000000 000000 00192e 000000 000000 000000 000000 003e11 000000 000000 000000 000000 000000 000000 00bcc1 00a5b2 007f94 007991 00a3b0 00bbc0 00692c 004013 002b0a 002a09 003e11 006528 000000 000000 000000 000000 000000 000000 004013 000000 000000 000000 000000 00192d 000000 000000 005573 000000 000000 000000 003c11 000000 000000 000000 000000 001a30 000000 000000 000000 000000 00334f 00acb5 00e8b4 008f4a 004114 000100 000000 000000 000000 000000 000000 003f11 008c48 00e4b1 00b0b9 003552 000000 000000 000000 000000
t=535 000000 000000 000000 000000 000000 000000 000000 000000 000000 000000 001e07 00320e 005923 005d25 00350e 001f07 00839d 00aebc 00c7cc 00c8cc 00b0be 0089a0 000000 000000 000000 000000 000000 000000 001c35 000000 000000 000000 000000 003911 000000 000000 000000 005a7a 000000 000000 001e37 000000 000000 000000 000000 00340e 000000 000000 000000 000000 000000 000000 00c5ca 00aebb 00879e 00819a 00acb9 00c4c9 006028 003711 002208 002107 00340e 005b24 000000 000000 000000 000000 000000 000000 003710 000000 000000 000000 000000 001e36 000000 000000 005c7c 000000 000000 000000 00330e 000000 000000 000000 000000 001f39 000000 000000 000000 000000 003958 00b5be 00deac 008645 003811 000000 000000 000000 000000 000000 000000 00360f 008344 00dbaa 00b9c2 003b5c 000000 000000 000000 000000
t=540 000000 000000 000000 000000 000000 000000 000000 000000 000000 000000 001504 00290b 005020 005421 002b0c 001605 008ba6 00b7c5 00d0d5 00d1d6 00b9c7 0091a9 000000 000000 000000 000000 000000 000000 00213e 000000 000000 000000 000000 002f0e 000000 000000 000000 006183 000104 000000 002441 000000 000000 000000 000000 002b0c 000000 000000 000000 000000 000000 000000 00ced3 00b7c4 008fa7 0089a4 00b5c3 00ced3 005624 002e0e 001805 001705 002b0c 005221 000000 000000 000000 000000 000000 000000 002e0e 000000 000000 000000 000000 002340 000000 000206 006385 000000 000000 000000 00290b 000000 000000 000000 000000 002543 000000 000000 000000 000000 003f61 00bec8 00d5a5 007c40 002f0e 000000 000000 000000 000000 000000 000000 002c0c 007a3f 00d2a3 00c2cb 004165 000000 000000 000000 000000
t=545 000000 000000 000000 000000 000000 000000 000000 000000 000000 000000 000b02 001f08 00461c 004b1e 002209 000c03 0093b0 00c0ce 00d9de 00dadf 00c2d0 009ab3 000000 000000 000000 000000 000000 000000 002547 000000 000000 000000 000000 00260b 000000 000000 000000 00688d 00040d 000000 00294a 000000 000000 000000 000000 002209 000000 000000 000000 000000 000000 000000 00d7dd 00bfce 0097b0 0091ad 00bdcc 00d7dc 004d20 00240b 000f03 000e03 002209 00491d 000000 000000 000000 000000 000000 000000 00240b 000000 000000 000000 000000 002849 000000 00050f 006a8f 000000 000000 000000 002009 000000 000000 000000 000000 002a4c 000000 000000 000000 000000 00456b 00c7d1 00cc9e 00733b 00250b 000000 000000 000000 000000 000000 000000 00230a 00713a 00c89b 00cbd5 00476e 000103 000000 000000 000000
t=550 000000 000000 000000 000000 000000 000000 000000 000000 000000 000000 000200 001606 003d18 00411a 001907 000300 009ab9 00c8d8 00e2e8 00e3e8 00cada 00a2bc 000000 000000 000000 000000 000000 000000 002a51 000000 000000 000000 000000 001d08 000000 000000 000000 006f96 000816 000000 002e53 000000 000000 000000 000000 001807 000000 000000 000000 000000 000000 000000 00e0e6 00c8d7 009fba 0098b6 00c6d5 00e0e5 00441c 001b08 000601 000501 001807 004019 000000 000000 000000 000000 000000 000000 001b08 000000 000000 000000 000000 002d52 000000 000918 007098 000000 000000 000000 001706 000000 000000 000000 000000 002f55 000000 000000 000000 000309 004b74 00d0da 00c297 006a36 001c08 000000 000000 000000 000000 000000 000000 001a07 006735 00bf94 00d3de 004d78 00040d 000000 000000 000000
t=555 000000 000000 000000 000000 000000 000000 000000 000000 000000 000000 000000 000d03 003414 003816 000f04 000000 00a2c2 00d1e1 00ebf1 00ecf2 00d3e3 00aac5 000000 000000 000000 000000 000000 000000 002f5a 000000 000000 000000 000000 001306 000000 000000 000000 00769f 000b20 000000 00335d 000000 000000 000000 000000 000f04 000000 000000 000000 000000 000000 000000 00eaef 00d1e0 00a7c3 00a0c0 00cfde 00e9ee 003a18 001205 000000 000000 000f04 003615 000000 000000 000000 000000 000000 000000 001205 000000 000000 000000 000000 00325c 000000 000c22 0077a1 000000 000000 000000 000d03 000000 000000 000000 000000 00345f 000000 000000 000000 000612 00517d 00d9e4 00b98f 006032 001305 000000 000000 000000 000000 000000 000000 001004 005e30 00b68d 00dce7 005381 000716 000000 000000 000000
t=560 000000 000000 000000 000000 000000 000000 000000 000000 000000 000000 000000 000301 002a11 002f12 000601 000000 00aacc 00daea 00f4fa 00f5fb 00dcec 00b2cf 000000 000000 000000 000000 000000 000000 003463 000000 000000 000000 000000 000a03 000000 000000 000000 007da9 000f29 000000 003866 000000 000000 000000 000000 000601 000000 000000 000000 000000 000000 000000 00f3f8 00d9ea 00afcc 00a8c9 00d7e8 00f2f8 003114 000802 000000 000000 000601 002d12 000000 000000 000000 000000 000000 000000 000802 000000 000000 000000 000000 003865 000000 000f2b 007eaa 000000 000000 000000 000401 000000 000000 000000 000000 003968 000000 000000 000000 00091c 005787 00e2ed 00b088 00572d 000902 000000 000000 000000 000000 000000 000000 000702 00552c 00ac86 00e5f1 00598a 000a1f 000000 000000 000000
t=565 000000 000000 000000 000000 000000 000000 000000 000000 000000 000000 000000 000000 00210d 00250f 000000 000000 00b2d5 00e2f4 00f3f9 00f3f9 00e4f6 00bad8 000000 000000 000000 000000 000000 000000 00396d 000000 000000 000000 000000 000100 000000 000000 000000 0084b2 001232 000000 003d6f 000000 000000 000000 000000 000000 000000 000000 000000 000000 000000 000000 00f5fb 00e2f3 00b7d6 00b0d2 00e0f1 00f6fc 002811 000000 000000 000000 000000 00240e 000000 000000 000000 000000 000000 000000 000000 000000 000000 000000 000000 003d6e 000000 001334 0085b4 000000 000000 000000 000000 000000 000000 000000 000000 003e71 000000 000000 000000 000c25 005d90 00ebf6 00a681 004e28 000000 000000 000000 000000 000000 000000 000000 000000 004b27 00a37e 00eefa 005f94 000e29 000000 000000 000000
t=570 000000 000000 000000 000000 000000 000000 000000 000000 000000 000000 000000 000000 001809 001c0b 000000 000000 00bade 00ebfd 00eaf0 00eaef 00ecfe 00c2e1 000000 000000 000000 000000 000000 000000 003e76 000000 000000 000000 000000 000000 000000 000000 000000 008bbb 00153c 000000 004279 000000 000000 000000 000000 000000 000000 000000 000000 000000 000000 000000 00ecf2 00ebfc 00bfdf 00b7dc 00e9fa 00edf3 001e0d 000000 000000 000000 000000 001a0a 000000 000000 000000 000000 000000 000000 000000 000000 000000 000000 000000 004278 000000 00163e 008cbd 000000 000000 000000 000000 000000 000000 000000 000001 00437a 000000 000000 000000 000f2e 006399 00f1fd 009d7a 004423 000000 000000 000000 000000 000000 000000 000000 000000 004222 009a77 00eefa 00659d 001132 000000 000000 000000
t=575 000000 000000 000000 000000 000000 000000 000000 000000 000000 000000 000000 000000 000e05 001307 000000 000000 00c1e8 00e5f7 00e1e7 00e1e6 00e3f5 00caeb 000000 000000 000000 000000 000000 000000 00437f 000106 000000 000000 000000 000000 000000 000000 000000 0092c5 001945 000000 004882 000109 000000 000000 000000 000000 000000 000000 000000 000000 000000 000000 00e3e9 00e6f7 00c7e8 00bfe5 00e8f9 00e4e9 001509 000000 000000 000000 000000 001106 000000 000000 000000 000000 000000 000000 000000 000000 000000 000000 000108 004781 000000 001a47 0093c6 000000 000000 000000 000000 000000 000000 000000 00020b 004984 000000 000000 000000 001338 0069a2 00e9f4 009473 003b1e 000000 000000 000000 000000 000000 000000 000000 000000 00391d 009070 00e5f1 006ba6 00143b 000000 000000 000000
t=580 000000 000000 000000 000000 000000 000000 000000 000000 000000 000000 000000 000000 000502 000903 000000 000000 00c9f1 00dded 00d8dd 00d7dd 00dbeb 00d2f4 000000 000000 000000 000000 000000 000000 004888 000210 000000 000000 000000 000000 000000 000000 000000 0098ce 001c4e 000000 004d8b 000312 000000 000000 000000 000000 000000 000000 000000 000000 000000 000000 00dadf 00ddee 00cff2 00c7ee 00dff0 00dbe0 000c05 000000 000000 000000 000000 000803 000000 000000 000000 000000 000000 000000 000000 000000 000000 000000 000312 004c8a 000000 001d50 009ad0 000000 000000 000000 000000 000000 000000 000000 000414 004e8d 000000 000000 000000 001641 006fac 00e0eb 008a6b 00321a 000000 000000 000000 000000 000000 000000 000000 000000 002f18 008769 00dce7 0071b0 001745 000000 000000 000000
t=585 000000 000000 000000 000000 000000 000000 000000 000000 000000 000000 000000 000000 000000 000000 000000 000000 00d1fa 00d4e4 00cfd4 00ced3 00d2e2 00dafd 000000 000000 000000 000000 000000 000000 004d92 000419 000000 000000 000000 000000 000000 000000 000000 009fd7 002058 000000 005295 00051c 000000 000000 000000 000000 000000 000000 000000 000000 000000 000000 00d1d6 00d4e5 00d7fb 00cff8 00d6e7 00d2d7 000201 000000 000000 000000 000000 000000 000000 000000 000000 000000 000000 000000 000000 000000 000000 000000 00051b 005194 000000 00205a 00a1d9 000000 000000 000000 000000 000000 000000 000000 00051d 005396 000000 000000 000000 00194a 0075b5 00d7e1 008164 002815 000000 000000 000000 000000 000000 000000 000000 000000 002613 007e61 00d3de 0077b9 001a4e 000000 000000 000000
t=590 000000 000000 000000 000000 000000 000000 000000 000000 000000 000000 000000 000000 000000 000000 000000 000000 00d0f9 00cbdb 00c6cb 00c5ca 00c9d9 00d3f6 000000 000000 000000 000000 000000 000000 00529b 000622 000000 000000 000000 000000 000000 000000 000000 00a6e0 002361 000000 00579e 000725 000000 000000 000000 000000 000000 000000 000000 000000 000000 000000 00c8cd 00ccdb 00d6f9 00d2fc 00cedd 00c8cd 000000 000000 000000 000000 000000 000000 000000 000000 000000 000000 000000 000000 000000 000000 000000 000000 000724 00579d 000000 002463 00a8e2 000000 000000 000000 000000 000000 000000 000000 000727 0058a0 000000 000000 000000 001c53 007bbe 00ced8 00785d 001f10 000000 000000 000000 000000 000000 000000 000000 000000 001d0f 00745a 00cbd5 007dc2 001d57 000000 000000 000000
t=595 000000 000000 000000 000000 000000 000000 000000 000000 000000 000000 000000 000000 000000 000000 000000 000000 00c9f0 00c3d1 00bdc1 00bcc1 00c1cf 00cbed 000000 000000 000000 000000 000000 000000 0057a4 00072c 000000 000000 000000 000000 000000 000000 000000 00adea 00266a 000000 005ca7 00092e 000000 000000 000000 000000 000000 000000 000000 000000 000000 000000 00bfc3 00c3d2 00ceef 00cbf3 00c5d4 00bfc4 000000 000000 000000 000000 000000 000000 000000 000000 000000 000000 000000 000000 000000 000000 000000 000000 00092d 005ca6 000000 00276c 00afec 000000 000000 000000 000000 000000 000000 000000 000930 005da9 000000 000000 000000 001f5d 0081c8 00c5cf 006e56 00160b 000000 000000 000000 000000 000000 000000 000000 000000 00130a 006b53 00c2cb 0084cc 002161 000000 000000 000000
t=600 000000 000000 000000 000000 000000 000000 000000 000000 000000 000000 000000 000000 000000 000000 000000 000000 00c1e7 00bac8 00b4b8 00b3b7 00b8c6 00c3e4 000000 000000 000000 000000 000000 000000 005cae 000935 000000 000000 000000 000000 000000 000000 000000 00b4f3 002a74 000000 0061b1 000b38 000000 000000 000000 000000 000000 000000 000000 000000 000000 000000 00b6ba 00bac9 00c6e6 00c3e9 00bccb 00b6bb 000000 000000 000000 000000 000000 000000 000000 000000 000000 000000 000000 000000 000000 000000 000000 000000 000b37 0061b0 000000 002b76 00b6f5 000000 000000 000000 000000 000000 000000 000000 000b39 0062b2 000000 000000 000000 002366 0087d1 00bcc5 00654e 000d06 000000 000000 000000 000000 000000 000000 000000 000000 000a05 00624c 00b9c2 008ad5 00246a 000000 000000 000000
t=605 000000 000000 000000 000000 000000 000000 000000 000000 000000 000000 000000 000000 000000 000000 000000 000000 00b9de 00b1bf 00abaf 00aaae 00afbd 00bbda 000000 000000 000000 000000 000000 000000 0061b7 000b3e 000000 000000 000000 000000 000000 000000 000000 00bbfc 002d7d 000000 0067ba 000d41 000000 000000 000000 000000 000000 000000 000000 000000 000000 000000 00acb1 00b2bf 00bedd 00bbe0 00b4c1 00adb1 000000 000000 000000 000000 000000 000000 000000 000000 000000 000000 000000 000000 000000 000000 000000 000000 000c40 0066b9 000000 002e7f 00bcfe 000000 000000 000000 000000 000000 000000 000000 000d43 0068bc 000000 000000 000002 00266f 008dda 00b3bc 005c47 000301 000000 000000 000000 000000 000000 000000 000000 000000 000100 005845 00b0b9 0090de 002773 000005 000000 000000
t=610 000000 000000 000000 000000 000000 000000 000000 000000 000000 000000 000000 000000 000000 000000 000000 000000 00b1d4 00a9b5 00a1a5 00a1a5 00a7b3 00b3d1 000000 000000 000000 000000 000000 000000 0066c0 000c48 000000 000000 000000 000000 000000 000000 000000 00b7f7 003186 000007 006cc3 000e4a 000000 000000 000000 000000 000000 000000 000000 000000 000000 000000 00a3a7 00a9b6 00b6d3 00b3d7 00abb8 00a4a8 000000 000000 000000 000000 000000 000000 000000 000000 000000 000000 000000 000000 000000 000000 000000 000000 000e49 006bc2 000009 003188 00b6f5 000000 000000 000000 000000 000000 000000 000000 000f4c 006dc5 000000 000000 00000b 002979 0093e4 00aab3 005240 000000 000000 000000 000000 000000 000000 000000 000000 000000 000000 004f3d 00a7af 0096e7 002a7d 00000e 000000 000000
t=615 000000 000000 000000 000000 000000 000000 000000 000000 000000 000000 000000 000000 000000 000000 000000 000000 00a9cb 00a0ac 00989c 00989b 009eaa 00abc8 000000 000000 000000 000000 000000 000000 006bca 000e51 000000 000000 000000 000000 000000 000000 000000 00b0ee 003490 000010 0071cd 001053 000000 000000 000000 000000 000000 000000 000000 000000 000000 000000 009a9e 00a0ad 00aeca 00abcd 00a2af 009b9f 000000 000000 000000 000000 000000 000000 000000 000000 000000 000000 000000 000000 000000 000000 000000 000000 001053 0070cc 000013 003592 00afec 000000 000000 000000 000000 000000 000000 000000 001155 0072ce 000000 000000 000014 002c82 0099ed 00a1a9 004939 000000 000000 000000 000000 000000 000000 000000 000000 000000 000000 004636 009ea6 009cf1 002d86 000018 000000 000000
t=620 000000 000000 000000 000000 000000 000000 000000 000000 000000 000000 000000 000000 000000 000000 000000 000000 00a2c2 0097a3 008f93 008f92 0095a1 00a3be 000000 000000 000000 000000 000000 000000 0070d3 00105a 000000 000000 000000 000000 000000 000000 000000 00a9e5 003799 000019 0076d6 00125d 000000 000000 000000 000000 000000 000000 000000 000000 000000 000000 009195 0098a3 00a6c1 00a4c4 009aa5 009295 000000 000000 000000 000000 000000 000000 000000 000000 000000 000000 000000 000000 000000 000000 000000 000000 00125c 0075d5 00001c 00389b 00a8e3 000000 000000 000000 000000 000000 000000 000000 00135f 0077d8 000000 000000 00001e 002f8b 009ff6 0099a0 004031 000000 000000 000000 000000 000000 000000 000000 000000 000000 000000 003c2f 00959d 00a2fa 00318f 000021 000000 000000
t=625 000000 000000 000000 000000 000000 000000 000000 000000 000000 000000 000000 000000 000000 000000 000000 000000 009ab8 008f99 008689 008689 008d97 009bb5 000000 000000 000000 000000 000000 000000 0074dc 001164 000000 000000 000000 000000 000000 000000 000000 00a2db 003ba2 000023 007bdf 001466 000000 000000 000000 000000 000000 000000 000000 000000 000000 000000 00888b 008f9a 009eb8 009cbb 00919c 00898c 000000 000000 000000 000000 000000 000000 000000 000000 000000 000000 000000 000000 000000 000000 000000 000000 001465 007bde 000025 003ca4 00a1d9 000000 000000 000000 000000 000000 000000 000000 001468 007ce1 000000 000000 000027 003295 00a4fd 009097 00362a 000000 000000 000000 000000 000000 000000 000000 000000 000000 000000 003328 008c93 00a1fa 003499 00002a 000000 000000
t=630 000000 000000 000000 000000 000000 000000 000000 000000 000000 000000 000000 000000 000000 000000 000000 000000 0092af 008690 007d80 007c7f 00848e 0093ac 000000 000000 000000 000000 000000 000000 0079e6 00136d 000000 000000 000000 000000 000000 000000 000000 009bd2 003eac 00002c 0080e9 00166f 000000 000000 000000 000000 000000 000000 000000 000000 000000 000000 007f82 008691 0096ae 0094b1 008893 008083 000000 000000 000000 000000 000000 000000 000000 000000 000000 000000 000000 000000 000000 000000 000000 000000 00166f 0080e8 00002f 003fad 009ad0 000000 000000 000000 000000 000000 000000 000000 001671 0081ea 000000 000000 000030 00369e 009ef4 00878e 002d23 000000 000000 000000 000000 000000 000000 000000 000000 000000 000000 002a20 00838a 009bf0 0037a2 000034 000000 000000
t=635 000000 000000 000000 000000 000000 000000 000000 000000 000000 000000 000000 000000 000000 000000 000000 000000 008aa6 007d87 007477 007376 007b85 008ba2 000000 000000 000000 000000 000000 000000 007eef 001476 000000 000000 000000 000000 000000 000000 000000 0095c9 0042b5 000035 0085f2 001879 000000 000000 000000 000000 000000 000000 000000 000000 000000 000000 007679 007e87 008ea5 008ca8 008089 007679 000000 000000 000000 000000 000000 000000 000000 000000 000000 000000 000000 000000 000000 000000 000000 000000 001878 0085f1 000038 0042b7 0093c7 000000 000000 000000 000000 000000 000000 000001 00187b 0087f4 000000 000000 000039 0039a7 0098eb 007e84 00241c 000000 000000 000000 000000 000000 000000 000000 000000 000000 000000 002019 007b81 0095e7 003aab 00003d 000000 000000
t=640 000000 000000 000000 000000 000000 000000 000000 000000 000000 000000 000000 000000 000000 000000 000000 000000 00829c 00757e 006b6d 006a6d 00737c 008399 000000 000000 000000 000000 000000 000000 0083f8 001680 000006 000000 000000 000000 000000 000000 000000 008ebf 0045be 00003f 008bfb 001a82 010008 000000 000000 000000 000000 000000 000000 000000 000000 000000 006d6f 00757e 00869c 00859f 007780 006d70 000000 000000 000000 000000 000000 000000 000000 000000 000000 000000 000000 000000 000000 000000 000000 010008 001981 008afa 000041 0046c0 008cbd 000000 000000 000000 000000 000000 000000 01000a 001a84 008cfd 000000 000000 000043 003cb1 0092e1 00757b 001a14 000000 000000 000000 000000 000000 000000 000000 000000 000000 000000 001712 007277 008fde 003db5 000046 000000 000000
t=645 000000 000000 000000 000000 000000 000000 000000 000000 000000 000000 000000 000000 000000 000000 000000 000000 007b93 006c74 006264 006163 006a72 007b90 000000 000000 000000 000000 000000 000000 0085fb 001889 02000f 000000 000000 000000 000000 000000 000000 0087b6 0048c8 000048 0089f9 001b8b 020011 000000 000000 000000 000000 000000 000000 000000 000000 000000 006466 006c75 007e92 007d95 006e77 006467 000000 000000 000000 000000 000000 000000 000000 000000 000000 000000 000000 000000 000000 000000 000000 020011 001b8b 008af9 00004b 0049c9 0085b4 000000 000000 000000 000000 000000 000000 020014 001c8d 0088f7 000000 000000 00004c 003fba 008cd8 006c72 00110d 000000 000000 000000 000000 000000 000000 000000 000000 000000 000000 000e0b 00696e 0089d4 0040be 000050 000000 000000
t=650 000000 000000 000000 000000 000000 000000 000000 000000 000000 000000 000000 000000 000000 000000 000000 000000 00738a 00636b 00595b 00585a 006169 007386 000001 000000 000000 000000 000000 000000 0080f2 001992 040018 000000 000000 000000 000000 000000 000000 0080ad 004cd1 000051 0084ef 001d95 03001b 000000 000000 000000 000000 000000 000000 000000 000000 000000 005b5d 00646b 007589 00758c 00666d 005b5d 000000 000000 000000 000000 000000 000000 000000 000000 000000 000000 000000 000000 000000 000000 000000 03001b 001d94 0085f0 000054 004dd3 007eab 000000 000000 000000 000000 000000 000000 04001d 001e97 0083ed 000000 000000 000155 0042c3 0086cf 006368 000806 000000 000000 000000 000000 000000 000000 000000 000000 000000 000000 000403 006065 0083cb 0044c7 000159 000000 000000
t=655 000000 000000 000000 000000 000000 000000 000000 000000 000000 000000 000000 000000 000000 000000 000000 000000 006b80 005b62 005051 004f51 005960 006b7d 02000a 000000 000000 000000 000000 020009 007be9 001b9c 050022 000000 000000 000000 000000 000000 000000 0079a3 004fda 00005b 007fe6 001f9e 050024 000000 000000 000000 000000 000000 010007 010007 000000 000000 005153 005b62 006d80 006d83 005d64 005254 000000 000000 000000 000000 000000 000000 000000 000000 000000 000000 000000 000000 000000 000000 000000 050024 001f9d 007fe7 00015d 0050dc 0077a1 000000 000000 000000 000000 000000 000000 050026 0020a0 007ee4 000000 000000 00015f 0045cd 0080c5 005a5f 000000 000000 000000 000000 000000 000000 000000 000000 000000 000000 000000 000000 00575b 007dc2 0047d1 000162 000000 000000
t=660 000000 000000 000000 000000 000000 000000 000000 000000 000000 000000 000000 000000 000000 000000 000000 000000 006377 005258 004648 004647 005056 006374 040013 020009 000000 000000 020007 040013 0076df 001da5 07002b 000000 000000 000000 000000 000000 000000 00729a 0053e3 000064 007add 0021a7 06002d 000000 000000 000000 000000 010005 030010 040011 010006 000000 00484a 005259 006576 006579 00545b 00494b 000000 000000 000000 000000 000000 000000 000000 000000 000000 000000 000000 000000 000000 000000 000000 06002d 0021a7 007ade 000167 0053e5 007198 000000 000000 000000 000000 000000 000000 060030 0021a9 0079db 000000 000000 000168 0049d6 0079bc 005256 000000 000000 000000 000000 000000 000000 000000 000000 000000 000000 000000 000000 004e52 0077b8 004ada 00016b 000000 000000
t=665 000000 000000 000000 000000 000000 000000 000000 000000 000000 000000 000000 000000 000000 000000 000000 000000 005c6e 00494f 003d3f 003d3e 00474d 005b6a 06001d 040012 000000 000000 040011 06001c 0071d6 001eae 080034 000000 000000 000000 000000 000000 000000 006b91 0056ed 00006d 0075d3 0023b1 070037 000000 000000 000000 000000 03000e 060019 06001a 04000f 000000 003f41 004a4f 005d6d 005e70 004c51 004041 000000 000000 000000 000000 000000 000000 000000 000000 000000 000000 000000 000000 000000 000000 000000 070037 0023b0 0075d4 000170 0057ef 006a8f 000000 000000 000000 000000 000000 000000 080039 0023b3 0074d1 000000 000000 000171 004cdf 0073b3 00494c 000000 000000 000000 000000 000000 000000 000000 000000 000000 000000 000000 000000 004549 0071af 004de3 000175 010004 000000
t=670 000000 000000 000000 000000 000000 000000 000000 000000 000000 000000 000000 000000 000000 000000 000000 000000 005464 004146 003436 003435 003f44 005361 090026 07001b 020006 010004 06001a 080025 006ccd 0020b7 0a003e 000000 000000 000000 000000 000000 000000 006487 0059f6 000077 006fca 0025ba 090040 000000 000000 000000 000001 060017 080023 080023 060019 010003 003637 004146 005564 005667 004348 003738 000000 000000 000000 000000 000000 000000 000000 000000 000000 000000 000000 000000 000000 000000 000000 090040 0025b9 0070cb 000179 005af8 006385 000000 000000 000000 000000 000000 000000 090042 0025bc 006ec8 000000 03000a 00017b 004fe9 006da9 004043 000000 000000 000000 000000 000000 000000 000000 000000 000000 000000 000000 000000 003c3f 006ba6 0050ec 00017e 04000d 000000
t=675 000000 000000 000000 000000 000000 000000 000000 000000 000000 000000 000000 000000 000000 000000 000000 000000 004c5b 00383c 002b2c 002a2c 00363a 004b58 0b002f 090025 05000f 04000d 090023 0b002f 0067c3 0022c1 0b0047 000000 000000 000000 000000 000000 000000 005d7e 005cfe 000080 006ac1 0027c3 0a0049 000000 000000 000000 03000a 080021 0a002c 0a002d 080022 04000d 002d2e 00383d 004d5a 004e5d 003a3f 002e2f 000000 000000 000000 000000 000000 000000 000000 000000 000000 000000 000000 000000 000000 000000 000000 0a0049 0027c3 006bc2 000183 005bfc 005c7c 000000 000000 000000 000000 000000 000000 0a004c 0027c5 0069bf 000000 050013 000184 0052f2 0067a0 00373a 000000 000000 000000 000000 000000 000000 000000 000000 000000 000000 000000 000000 003436 00659c 0054f6 000187 060016 000000
t=680 000000 000000 000000 000000 000000 000000 000000 000000 000000 000000 000000 000000 000000 000000 000000 000000 004452 002f33 002223 002122 002d31 00434e 0d0039 0c002e 080019 070016 0b002d 0d0038 0062ba 0023ca 0d0050 000000 000000 000000 000000 000000 000000 005675 0059f4 000089 0065b7 0029cd 0b0052 000000 000000 000000 060014 0a002a 0c0035 0c0036 0b002b 070016 002425 003033 004551 004654 003235 002525 000000 000000 000000 000000 000000 000000 000000 000000 000000 000000 000000 000000 000000 000000 000000 0b0053 0028cc 0066b8 00018c 0058f2 005573 000000 000000 000000 000000 000000 000000 0c0055 0029cf 0064b5 000000 08001c 00018d 0055fb 006197 002e30 000000 000000 000000 000000 000000 000000 000000 000000 000000 000000 000000 000000 002b2d 005f93 0056fe 000191 090020 000000
t=685 000000 000000 000000 000000 000000 000000 000000 000000 000000 000000 000000 000000 000000 000000 000000 000000 003c48 00272a 00191a 001819 002528 003b45 0f0042 0e0037 0b0022 0a0020 0e0036 0f0041 005db1 0025d3 0e0059 000000 000000 000000 000000 000000 000000 004f6b 0055eb 000093 0060ae 002ad6 0d005c 000000 000000 000000 09001d 0d0033 0e003f 0f003f 0d0035 0a001f 001b1b 00272a 003d48 003e4b 00292c 001b1c 000000 000000 000000 000000 000000 000000 000000 000000 000000 000000 000000 000000 000000 000000 000000 0d005c 002ad5 0060af 000195 0055e9 004e69 000000 000000 000000 000000 000000 000000 0d005e 002bd8 005fac 000000 0b0026 000197 0054f8 005b8d 002527 000000 000000 000000 000000 000000 000000 000000 000000 000000 000000 000000 000000 002223 00598a 0053f5 00019a 0c0029 000000
t=690 000000 000000 000000 000000 000000 000000 000000 000000 000000 000000 000000 000000 000000 000000 000000 000000 00353f 001e20 001010 000f10 001c1e 00333c 11004b 100041 0e002b 0d0029 10003f 11004b 0058a7 0027dd 100063 000000 000000 000000 000000 000000 000000 004962 0052e2 00009c 005ba5 002cdf 0e0065 000000 000000 000000 0c0026 0f003d 110048 110049 10003e 0d0029 001212 001e21 00353e 003742 002023 001213 000000 000000 000000 000000 000000 000000 000000 000000 000000 000000 000000 000000 000000 000000 000000 0e0065 002cdf 005ba6 00019f 0051e0 004760 000000 000000 000000 000000 000000 000000 0e0068 002de1 005aa3 000000 0e002f 0001a0 0051ef 005584 001c1e 000000 000000 000000 000000 000000 000000 000000 000000 000000 000000 000000 000000 00191a 005380 0050eb 0001a3 0f0032 000000
t=695 000000 000000 000000 000000 000000 000000 000000 000000 000000 000000 000000 000000 000000 000000 000000 000000 002d36 001517 000707 000606 001315 002b33 130054 13004a 110035 100032 120048 130054 00539e 0028e6 11006c 000000 000000 000000 000000 000000 000000 004259 004fd8 0000a5 00569b 002ee9 0f006e 000000 000000 000000 0f0030 120046 130051 130052 120047 100032 000909 001618 002d35 002f38 00181a 000909 000000 000000 000000 000000 000000 000000 000000 000000 000000 000000 000000 000000 000000 000000 000000 0f006f 002ee8 00569c 0001a8 004ed6 004057 000000 000000 000000 000000 000000 000000 100071 002eea 005599 000000 110038 0001a9 004ee6 004f7b 001314 000000 000000 000000 000000 000000 000000 000000 000000 000000 000000 000000 000000 001011 004d77 004de2 0002ad 12003c 000000
t=700 000000 000000 000000 000000 000000 000000 000000 000000 000000 000000 000000 000000 000000 000000 000000 000000 00252c 000d0e 000000 000000 000b0c 002329 16005e 150053 14003e 13003c 150052 16005d 004f95 002aef 130075 000000 000000 000000 000000 000000 000000 003b4f 004bcf 0000af 005092 0030f2 100078 000000 000000 000000 120039 14004f 15005b 15005b 150051 13003b 000000 000d0e 00252c 00272f 000f10 000000 000000 000000 000000 000000 000000 000000 000000 000000 000000 000000 000000 000000 000000 000000 000000 110078 0030f1 005193 0002b1 004acd 00394d 000000 000000 000000 000000 000000 000000 11007a 0030f4 004f90 000000 140041 0002b3 004bdc 004971 000a0b 000000 000000 000000 000000 000000 000000 000000 000000 000000 000000 000000 000000 000707 00476e 004ad9 0002b6 150045 000000
t=705 000000 000000 000000 000000 000000 000000 000000 000000 000000 000000 000000 000000 000000 000000 000000 000000 001d23 000404 000000 000000 000202 001b20 180067 18005d 170047 160045 17005b 180067 004a8b 002bf9 14007f 000000 000000 000000 000000 000000 000000 003446 0048c6 0000b8 004b89 0032fb 120081 000000 000000 000000 160042 170059 170064 170065 17005a 160045 000000 000505 001d22 001f26 000607 000000 000000 000000 000000 000000 000000 000000 000000 000000 000000 000000 000000 000000 000000 000000 000000 120081 0032fb 004c8a 0002ba 0047c4 003244 000000 000000 000000 000000 000000 000000 120084 0032fd 004a87 000000 17004b 0002bc 0048d3 004368 000202 000000 000000 000000 000000 000000 000000 000000 000000 000000 000000 000000 000000 000000 004164 0046cf 0002bf 18004e 000000
t=710 000000 000000 000000 000000 000000 000000 000000 000000 000000 000000 000000 000000 000000 000000 000000 000000 00151a 000000 000000 000000 000000 001317 1a0070 1a0066 1a0050 19004e 1a0064 1a0070 004582 002cfb 160088 000000 000000 000000 000000 000000 000000 002d3d 0044bc 0000c1 00467f 0031f8 13008a 000000 000000 000000 19004c 190062 19006d 19006e 190063 19004e 000000 000000 001519 00171c 000000 000000 000000 000000 000000 000000 000000 000000 000000 000000 000000 000000 000000 000000 000000 000000 000000 13008b 0031f9 004780 0002c4 0044ba 002b3b 000000 000000 000000 000000 000000 000000 13008d 0031f7 00457e 000000 190054 0002c5 0045ca 003d5f 000000 000000 000000 000000 000000 000000 000000 000000 000000 000000 000000 000000 000000 000000 003b5b 0043c6 0002c9 1a0058 000000
t=715 000000 000000 000000 000000 000000 000000 000000 000000 000000 000000 000000 000000 000000 000000 000000 000000 000e10 000000 000000 000000 000000 000b0d 1c007a 1c006f 1d005a 1c0057 1c006e 1c0079 004079 002af2 180091 000000 000000 000000 000000 000000 000000 002633 0041b3 0000cb 004176 002fef 140094 000000 000000 000000 1c0055 1b006b 1c0077 1c0077 1c006d 1c0057 000000 000000 000d10 001013 000000 000000 000000 000000 000000 000000 000000 000000 000000 000000 000000 000000 000000 000000 000000 000000 000000 140094 0030f0 004277 0002cd 0040b1 002532 000000 000000 000000 000000 000000 000000 150096 002fed 004074 000000 1c005d 0002cf 0041c0 003755 000000 000000 000000 000000 000000 000000 000000 000000 000000 000000 000000 000000 000000 000000 003552 0040bd 0002d2 1d0061 000000
t=720 000000 000000 000000 000000 000000 000000 000000 000000 000000 000000 000000 000000 000000 000000 000000 000000 000607 000000 000000 000000 000000 000304 1e0083 1f0079 200063 200061 1e0077 1e0083 003b6f 0029e8 19009b 000000 000000 000000 000000 000000 000000 001f2a 003eaa 0000d4 003c6d 002ee6 16009d 000000 000000 000000 1f005e 1e0075 1e0080 1e0081 1e0076 1f0061 000000 000000 000506 00080a 000000 000000 000000 000000 000000 000000 000000 000000 000000 000000 000000 000000 000000 000000 000000 000000 000000 16009d 002ee6 003c6e 0002d6 003da8 001e28 000000 000000 000000 000000 000000 000000 1600a0 002de4 003b6b 000000 1f0067 0002d8 003eb7 00314c 000000 000000 000000 000000 000000 000000 000000 000000 000000 000000 000000 000000 000000 000000 002f48 003db3 0002db 20006a 000000
t=725 000000 000000 000000 000000 000000 000000 000000 000000 000000 000000 000000 000000 000000 000000 000000 000000 000000 000000 000000 000000 000000 000000 21008c 210082 23006c 23006a 210080 21008c 003666 0027df 1b00a4 000000 000000 000000 000000 000000 000000 001821 003aa0 0000dd 003763 002cdc 1700a6 000000 000000 000000 220068 20007e 200089 20008a 21007f 23006a 000000 000000 000000 000000 000000 000000 000000 000000 000000 000000 000000 000000 000000 000000 000000 000000 000000 000000 000000 000000 000000 1700a7 002cdd 003764 0002e0 00399e 00171f 000000 000000 000000 000000 000000 000000 1700a9 002bdb 003662 000000 220070 0002e1 003bae 002b43 000000 000000 000000 000000 000000 000000 000000 000000 000000 000000 000000 000000 000000 000000 00293f 003aaa 0002e5 230074 000001
t=730 000000 000000 000000 000000 000000 000000 000000 000000 000000 000000 000000 000000 000000 000000 000000 000000 000000 000000 000000 000000 000000 000000 230096 24008b 260076 260073 23008a 230095 00315d 0025d6 1c00ad 000000 000000 000000 000000 000000 000000 001118 003797 0000e6 00325a 002ad3 1800b0 000000 000000 000000 250071 230087 220093 220093 230089 260073 000000 000000 000000 000000 000000 000000 000000 000000 000000 000000 000000 000000 000000 000000 000000 000000 000000 000000 000000 000000 000000 1800b0 002ad4 00325b 0002e9 003695 001016 000000 000000 000000 000000 000000 000000 1900b2 0029d1 003158 040006 250079 0002eb 0038a5 00253a 000000 000000 000000 000000 000000 000000 000000 000000 000000 000000 000000 000000 000000 000000 002336 0036a1 0002ee 26007d 06000a
t=735 000000 000000 000000 000000 000000 000000 000000 000000 000000 000000 000000 000000 000000 000000 000000 000000 000000 000000 000000 000000 000000 000000 25009f 260094 2a007f 29007d 260093 25009f 002c54 0024cc 1e00b7 000000 000000 000000 000000 000000 000000 000a0e 00338e 0000f0 002c51 0028ca 1a00b9 000000 000000 000000 28007a 250090 24009c 24009c 250092 29007d 000000 000000 000000 000000 000000 000000 000000 000000 000000 000000 000000 000000 000000 000000 000000 000000 000000 000000 000000 000000 000000 1a00b9 0028ca 002d52 0002f2 00338c 00090c 000000 000000 000000 000000 000000 000000 1a00bc 0028c8 002b4f 0a000f 280083 0002f4 00359b 001f30 000000 000000 000000 000000 000000 000000 000000 000000 000000 000000 000000 000000 000000 000000 001d2c 003397 0002f7 290086 0c0014
t=740 000000 000000 000000 000000 000000 000000 000000 000000 000000 000000 000000 000000 000000 000000 000000 000000 000000 000000 000000 000000 000000 000000 2700a8 28009e 2d0088 2c0086 28009c 2700a8 00274a 0022c3 1f00c0 000000 000000 000000 000000 000000 000000 000305 003084 0000f9 002747 0026c0 1b00c2 000000 000000 000000 2b0084 27009a 2700a5 2700a6 28009b 2c0086 000000 000000 000000 000000 000000 000000 000000 000000 000000 000000 000000 000000 000000 000000 000000 000000 000000 000000 000000 000000 000000 1b00c2 0026c1 002848 0002fc 002f82 000203 000000 000000 000000 000000 000000 000000 1b00c5 0026bf 002646 100019 2a008c 0002fd 003192 001927 000000 000000 000000 000000 000000 000000 000000 000000 000000 000000 000000 000000 000000 000000 001723 00308e 0002fc 2c0090 12001d
t=745 000000 000000 000000 000000 000000 000000 000000 000000 000000 000000 000000 000000 000000 000000 000000 000000 000000 000000 000000 000000 000000 000000 2900b2 2b00a7 300092 2f008f 2b00a6 2900b1 002241 0020ba 2100c9 000000 000000 000000 000000 000000 000000 000000 002d7b 0000fb 00223e 0024b7 1c00cc 000000 000000 000000 2e008d 2a00a3 2900af 2900af 2a00a5 2f008f 000000 000000 000000 000000 000000 000000 000000 000000 000000 000000 000000 000000 000000 000000 000000 000000 000000 000000 000000 000000 000000 1c00cc 0024b8 00233f 0002f8 002c79 000000 000000 000000 000000 000000 000000 000000 1d00ce 0024b5 00213c 160022 2d0095 0002f6 002e89 00131e 000000 000000 000000 000000 000000 000000 000000 000000 000000 000000 000000 000000 000000 000000 00111a 002d85 0002f3 2e0099 180026
t=750 000000 000000 000000 000000 000000 000000 000000 000000 000000 000000 000000 000000 000000 000000 000000 000000 000000 000000 000000 000000 000000 000000 2c00bb 2d00b0 33009b 320099 2d00af 2c00bb 001d38 001fb0 2200d3 000000 000000 000000 000000 000000 000000 000000 002972 0000f1 001d35 0022ae 1e00d5 000000 000000 000000 310096 2c00ac 2b00b8 2b00b8 2d00ae 320099 000000 000000 000000 000000 000000 000000 000000 000000 000000 000000 000000 000000 000000 000000 000000 000000 000000 000000 000000 000000 000000 1e00d5 0023af 001d36 0002ef 002870 000000 000000 000000 000000 000000 000000 000000 1e00d7 0022ac 001c33 1c002b 30009f 0002ed 002b7f 000d14 000000 000000 000000 000000 000000 000000 000000 000000 000000 000000 000000 000000 000000 000000 000b11 002a7b 0002ea 3100a2 1e0030
t=755 000000 000000 000000 000000 000000 000000 000000 000000 000000 000000 000000 000000 000000 000000 000000 000000 000000 000000 000000 000000 000000 000000 2e00c4 3000ba 3600a4 3500a2 2f00b8 2e00c4 00182e 001da7 2400dc 000000 000000 000000 000000 000000 000000 000000 002668 0000e8 00182b 0021a5 1f00de 000000 000000 000000 3400a0 2f00b6 2d00c1 2d00c2 2f00b7 3500a2 000000 000000 000000 000000 000000 000000 000000 000000 000000 000000 000000 000000 000000 000000 000000 000000 000000 000000 000000 000000 000000 1f00de 0021a5 00182c 0002e5 002566 000000 000000 000000 000000 000000 000000 000000 1f00e1 0020a3 00172a 230035 3300a8 0002e4 002876 00070b 000000 000000 000000 000000 000000 000000 000000 000000 000000 000000 000000 000000 000000 000000 000407 002772 0002e0 3400ac 240039
t=760 000000 000000 000000 000000 000000 000000 000000 000000 000000 000000 000000 000000 000000 000000 000000 000000 000000 000000 000000 000000 000000 000000 3000ce 3200c3 3900ae 3800ab 3200c2 3000cd 001325 001b9e 2500e5 000000 000000 000000 000000 000000 000000 000000 00225f 0000df 001322 001f9b 2000e8 000000 000000 000000 3700a9 3100bf 2f00cb 2f00cb 3100c1 3800ab 000000 000000 000000 000000 000000 000000 000000 000000 000000 000000 000000 000000 000000 000000 000000 000000 000000 000000 000000 000000 000000 2000e8 001f9c 001323 0002dc 00225d 000000 000000 000000 000000 000000 000000 000000 2100ea 001e99 001220 29003e 3600b1 0002da 00256d 000102 000000 000000 000000 000000 000000 000000 000000 000000 000000 000000 000000 000000 000000 000000 000000 002369 0002d7 3700b5 2a0042
t=765 000000 000000 000000 000000 000000 000000 000000 000000 000000 000000 000000 000000 000000 000000 000000 000000 000000 000000 000000 000000 000000 000000 3200d7 3500cc 3c00b7 3b00b5 3400cb 3200d7 000e1c 001a94 2700ef 000000 000000 000000 000000 000000 000000 000000 001f56 0000d5 000d19 001d92 2200f1 000000 000000 000000 3a00b2 3400c8 3100d4 3200d4 3400ca 3b00b4 000000 000000 000000 000000 000000 000000 000000 000000 000000 000000 000000 000000 000000 000000 000000 000000 000000 000000 000000 000000 000000 2200f1 001d93 000e1a 0002d3 001e54 000000 000000 000000 000000 000000 000000 000000 2200f3 001c90 000c17 2f0047 3900bb 0002d1 002263 000000 000000 000000 000000 000000 000000 000000 000000 000000 000000 000000 000000 000000 000000 000000 000000 00205f 0002ce 3a00be 30004b
t=770 000000 000000 000000 000000 000000 000000 000000 000000 000000 000000 000000 000000 000000 000000 000000 000000 000000 000000 000000 000000 000000 000000 3400e0 3700d6 3f00c0 3e00be 3700d4 3400e0 000912 00188b 2800f8 000000 000000 000000 000000 000000 000000 000000 001c4c 0000cc 00080f 001b89 2300fa 000000 000000 000000 3d00bb 3600d2 3400dd 3400de 3600d3 3e00be 000000 000000 000000 000000 000000 000000 000000 000000 000000 000000 000000 000000 000000 000000 000000 000000 000000 000000 000000 000000 000000 2300fa 001b89 000910 0002c9 001b4a 000000 000000 000000 000000 000000 000000 000000 2300fd 001b87 00070e 350051 3c00c4 0002c8 001e5a 000000 000000 000000 000000 000000 000000 000000 000000 000000 000000 000000 000000 000000 000000 000000 000000 001d56 0002c4 3d00c7 360055
t=775 000000 000000 000000 000000 000000 000000 000000 000000 000000 000000 000000 000000 000000 000000 000000 000000 000000 000000 000000 000000 000000 000000 3700ea 3900df 4200ca 4100c7 3900de 3600e9 000409 001682 2900fc 000000 000000 000000 000000 000000 000000 000000 001843 0000c3 000306 00197f 2300f9 000000 000000 000000 4000c5 3800db 3600e7 3600e7 3900dc 4100c7 000000 000000 000000 000000 000000 000000 000000 000000 000000 000000 000000 000000 000000 000000 000000 000000 000000 000000 000000 000000 000000 2300f9 001980 000407 0002c0 001741 000000 000000 000000 000000 000000 000000 000000 2200f7 00197d 000204 3b005a 3e00cd 0002bf 001b51 000000 000000 000000 000000 000000 000000 000000 000000 000000 000000 000000 000000 000000 000000 000000 000000 001a4d 0002bb 4000d1 3c005e
t=780 000000 000000 000000 000000 000000 000000 000000 000000 000000 000000 000000 000000 000000 000000 000000 000000 000000 000000 000000 000000 000000 000000 3900f3 3c00e8 4500d3 4400d1 3b00e7 3900f2 000000 001578 2800f2 000000 000000 000000 000000 000000 000000 000000 00153a 0000b9 000000 001776 2100f0 000000 000000 000000 4400ce 3b00e4 3800f0 3800f0 3b00e6 4400d0 000000 000000 000000 000000 000000 000000 000000 000000 000000 000000 000000 000000 000000 000000 000000 000000 000000 000000 000000 000000 000000 2100f0 001777 000000 0002b7 001438 000000 000000 000000 000000 000000 000000 000000 2100ee 001774 000000 410063 4100d7 0002b5 001847 000000 000000 000000 000000 000000 000000 000000 000000 000000 000000 000000 000000 000000 000000 000000 000000 001743 0002b2 4200da 420067
t=785 000000 000000 000000 000000 000000 000000 000000 000000 000000 000000 000000 000000 000000 000000 000000 000000 000000 000000 000000 000000 000000 000000 3b00fc 3e00f2 4800dc 4700da 3e00f0 3b00fc 000000 00136f 2600e9 000000 000000 000000 000000 000000 000000 000000 001130 0000b0 000000 00156d 2000e7 000000 000000 000000 4700d7 3d00ee 3a00f9 3a00fa 3e00ef 4700da 000000 000000 000000 000000 000000 000000 000000 000000 000000 000000 000000 000000 000000 000000 000000 000000 000000 000000 000000 000000 000000 2000e7 00156d 000000 0002ad 00112f 000000 000000 000000 000000 000000 000000 000000 2000e4 00156b 000000 47006d 4400e0 0002ac 00153e 000000 000000 000000 000000 000000 000000 000000 000000 000000 000000 000000 000000 000000 000000 000000 000000 00133a 0001a8 4500e3 470071
t=790 000000 000000 000000 000000 000000 000000 000000 000000 000000 000000 000000 000000 000000 000000 000000 000000 000000 000000 000000 000000 000000 000000 3a00f7 4100fb 4b00e6 4b00e3 4000fa 3a00f8 000000 001266 2400e0 000000 000000 000000 000000 000000 000000 000000 000e27 0000a7 000000 001363 1f00dd 000000 000000 000000 4a00e1 4000f7 3b00fa 3a00fa 4000f8 4a00e3 000000 000000 000000 000000 000000 000000 000000 000000 000000 000000 000000 000000 000000 000000 000000 000000 000000 000000 000000 000000 000000 1f00dd 001464 000000 0001a4 000d25 000000 000000 000000 000000 000000 000000 000000 1e00db 001361 000000 4e0076 4700e9 0001a3 001235 000000 000000 000000 000000 000000 000000 000000 000000 000000 000000 000000 000000 000000 000000 000000 000000 001031 00019f 4800ed 4d007a
t=795 000000 000000 000000 000000 000000 000000 000000 000000 000000 000000 000000 000000 000000 000000 000000 000000 000000 000000 000000 000000 000000 000000 3800ee 4000f9 4e00ef 4e00ed 4000fa 3800ef 000000 00105c 2300d6 000000 000000 000000 000000 000000 000000 000000 000b1e 00009d 000000 00125a 1e00d4 000000 000000 000000 4d00ea 4100fd 3800f1 3800f1 4100fb 4e00ec 000000 000000 000000 000000 000000 000000 000000 000000 000000 000000 000000 000000 000000 000000 000000 000000 000000 000000 000000 000000 000000 1d00d4 00125b 000000 00019b 000a1c 000000 000000 000000 000000 000000 000000 000000 1d00d2 001158 000000 54007f 4a00f3 000199 000e2b 000000 000000 000000 000000 000000 000000 000000 000000 000000 000000 000000 000000 000000 000000 000000 000000 000d27 000196 4b00f6 530083
t=800 000000 000000 000000 000000 000000 000000 000000 000000 000000 000000 000000 000000 000000 000000 000000 000000 000000 000000 000000 000000 000000 000000 3500e5 3e00ef 5100f8 5100f6 3e00f1 3600e5 000000 000e53 2100cd 000000 000000 000000 000000 000000 000000 000000 000714 000094 000000 001051 1c00cb 000000 000000 000000 5000f3 3f00f3 3600e8 3600e7 3e00f2 5100f6 000000 000000 000000 000000 000000 000000 000000 000000 000000 000000 000000 000000 000000 000000 000000 000000 000000 000000 000000 000000 000000 1c00cb 001051 000000 000191 000613 000000 000000 000000 000000 000000 000000 000000 1c00c8 000f4f 000000 5a0089 4d00fc 000190 000b22 000000 000000 000000 000000 000000 000000 000000 000000 000000 000000 000000 000000 000000 000000 000000 000000 000a1e 00018c 4d00fe 59008d
t=805 000000 000000 000000 000000 000000 000000 000000 000000 000000 000000 000000 000000 000000 000000 000000 000000 000000 000000 000000 000000 000000 000000 3300db 3b00e6 5200fb 5300fe 3c00e7 3300dc 000000 000d4a 2000c4 000000 000000 000000 000000 000000 000000 000000 00040b 00008b 000000 000e47 1b00c1 000000 000000 000000 5300fd 3c00ea 3400de 3400de 3c00e9 5300fe 000000 000000 000000 000000 000000 000000 000000 000000 000000 000000 000000 000000 000000 000000 000000 000000 000000 000000 000000 000000 000000 1b00c1 000e48 000000 000188 000309 000000 000000 000000 000000 000000 000000 000000 1b00bf 000d45 000000 600092 4b00f8 000187 000819 000000 000000 000000 000000 000000 000000 000000 000000 000000 000000 000000 000000 000000 000000 000000 000000 000715 000183 4a00f4 5f0096
t=810 000000 000000 000000 000000 000000 000000 000000 000000 000000 000000 000000 000000 000000 000000 000000 000000 000000 000000 000000 000000 000000 000000 3100d2 3900dd 4f00f2 5000f4 3900de 3100d3 000000 000b41 1e00ba 000000 000000 000000 000000 000000 000000 000000 000002 000081 000000 000c3e 1a00b8 000000 000000 000000 5100f7 3a00e1 3200d5 3200d5 3900df 5000f5 000000 000000 000000 000000 000000 000000 000000 000000 000000 000000 000000 000000 000000 000000 000000 000000 000000 000000 000000 000000 000000 1a00b8 000c3f 000000 00017f 000000 000000 000000 000000 000000 000000 000000 000000 1900b6 000c3c 000000 66009b 4900ee 00017d 00050f 000000 000000 000000 000000 000000 000000 000000 000000 000000 000000 000000 000000 000000 000000 000000 000000 00040b 00017a 4800eb 65009f
t=815 000000 000000 000000 000000 000000 000000 000000 000000 000000 000000 000000 000000 000000 000000 000000 000000 000000 000000 000000 000000 000000 000000 2f00c9 3600d3 4c00e9 4d00eb 3700d5 2f00c9 000000 000937 1d00b1 000000 000000 000000 000000 000000 000000 000000 000000 000078 000000 000a35 1800af 000000 000000 000000 4e00ee 3700d7 3000cc 2f00cb 3700d6 4d00eb 000000 000000 000000 000000 000000 000000 000000 000000 000000 000000 000000 000000 000000 000000 000000 000000 000000 000000 000000 000000 000000 1800af 000a35 000000 000175 000000 000000 000000 000000 000000 000000 000000 000000 1800ac 000a33 000000 6c00a5 4600e5 000174 000206 000000 000000 000000 000000 000000 000000 000000 000000 000000 000000 000000 000000 000000 000000 000000 000000 000002 000171 4500e2 6b00a9
t=820 000000 000000 000000 000000 000000 000000 000000 000000 000000 000000 000000 000000 000000 000000 000000 000000 000000 000000 000000 000000 000000 000000 2d00bf 3400ca 4900df 4a00e2 3400cb 2d00c0 000000 00082e 1b00a8 000000 000000 000000 000000 000000 000000 000000 000000 00006f 000000 00082b 1700a6 000000 000000 000000 4b00e4 3500ce 2d00c3 2d00c2 3500cd 4a00e2 000000 000000 000000 000000 000000 000000 000000 000000 000000 000000 000000 000000 000000 000000 000000 000000 000000 000000 000000 000000 000000 1700a5 00082c 000000 00016c 000000 000000 000000 000000 000000 000000 000000 000000 1700a3 000829 000000 7200ae 4300dc 00016b 000000 000000 000000 000000 000000 000000 000000 000000 000000 000000 000000 000000 000000 000000 000000 000000 000000 000000 000167 4200d8 7100b2
t=825 000000 000000 000000 000000 000000 000000 000000 000000 000000 000000 000000 000000 000000 000000 000000 000000 000000 000000 000000 000000 000000 000000 2a00b6 3200c1 4600d6 4700d8 3200c2 2b00b7 000000 000625 1a009f 000000 000000 000000 000000 000000 000000 000000 000000 000065 000000 000622 16009c 000000 000000 000000 4800db 3300c5 2b00b9 2b00b9 3200c3 4700d9 000000 000000 000000 000000 000000 000000 000000 000000 000000 000000 000000 000000 000000 000000 000000 000000 000000 000000 000000 000000 000000 16009c 000723 000000 000163 000000 000000 000000 000000 000000 000000 000000 000000 15009a 000620 000000 7900b7 4000d2 000161 000000 000000 000000 000000 000000 000000 000000 000000 000000 000000 000000 000000 000000 000000 000000 000000 000000 000000 00015e 3f00cf 7700bb
t=830 000000 000000 000000 000000 000000 000000 000000 000000 000000 000000 000000 000000 000000 000000 000000 000000 000000 000000 000000 000000 000000 000000 2800ad 2f00b7 4300cd 4400cf 2f00b9 2800ad 000000 00041b 180095 000000 000000 000000 000000 000000 000000 000000 000000 00005c 000000 000519 140093 000000 000000 000000 4500d2 3000bb 2900b0 2900af 3000ba 4400cf 000000 000000 000000 000000 000000 000000 000000 000000 000000 000000 000000 000000 000000 000000 000000 000000 000000 000000 000000 000000 000000 140093 000519 000000 000159 000000 000000 000000 000000 000000 000000 000000 000000 140090 000417 000000 7f00c1 3d00c9 000158 000000 000000 000000 000000 000000 000000 000000 000000 000000 000000 000000 000000 000000 000000 000000 000000 000000 000000 000155 3c00c6 7d00c5
t=835 000000 000000 000000 000000 000000 000000 000000 000000 000000 000000 000000 000000 000000 000000 000000 000000 000000 000000 000000 000000 000000 000000 2600a3 2d00ae 4000c3 4100c6 2d00af 2600a4 000000 000312 17008c 000000 000000 000000 000000 000000 000000 000000 000000 000053 000000 00030f 13008a 000000 000000 000000 4200c8 2e00b2 2700a7 2700a6 2d00b1 4100c6 000000 000000 000000 000000 000000 000000 000000 000000 000000 000000 000000 000000 000000 000000 000000 000000 000000 000000 000000 000000 000000 130089 000310 000000 000050 000000 000000 000000 000000 000000 000000 000000 000000 130087 00020e 000000 8500ca 3a00c0 00004f 000000 000000 000000 000000 000000 000000 000000 000000 000000 000000 000000 000000 000000 000000 000000 000000 000000 000000 00004b 3900bc 8300ce
t=840 000000 000000 000000 000000 000000 000000 000000 000000 000000 000000 000000 000000 000000 000000 000000 000000 000000 000000 000000 000000 000000 000000 24009a 2a00a5 3d00ba 3e00bc 2b00a6 24009b 000000 000109 150083 000000 000000 000000 000000 000000 000000 000000 000000 000049 000000 000106 120080 000000 000000 000000 3f00bf 2b00a9 25009d 25009d 2b00a7 3e00bd 000000 000000 000000 000000 000000 000000 000000 000000 000000 000000 000000 000000 000000 000000 000000 000000 000000 000000 000000 000000 000000 120080 000107 000000 000047 000000 000000 000000 000000 000000 000000 000000 000000 11007e 000004 000000 8b00d3 3700b6 000045 000000 000000 000000 000000 000000 000000 000000 000000 000000 000000 000000 000000 000000 000000 000000 000000 000000 000000 000042 3600b3 8900d7
t=845 000000 000000 000000 000000 000000 000000 000000 000000 000000 000000 000000 000000 000000 000000 000000 000000 000000 000000 000000 000000 000000 000000 220091 28009b 3a00b1 3b00b3 28009d 220091 000000 000000 140079 000000 000000 000000 000000 000000 000000 000000 000000 000040 000000 000000 100077 000000 000000 000000 3c00b6 29009f 220094 220093 29009e 3b00b3 000000 000000 000000 000000 000000 000000 000000 000000 000000 000000 000000 000000 000000 000000 000000 000000 000000 000000 000000 000000 000000 100077 000000 000000 00003e 000000 000000 000000 000000 000000 000000 000000 000000 100074 000000 000000 9100dd 3500ad 00003c 000000 000000 000000 000000 000000 000000 000000 000000 000000 000000 000000 000000 000000 000000 000000 000000 000000 000000 000039 3400aa 8f00e1
t=850 000000 000000 000000 000000 000000 000000 000000 000000 000000 000000 000000 000000 000000 000000 000000 000000 000000 000000 000000 000000 000000 000000 200088 250092 3700a7 3800aa 260094 200088 000000 000000 120070 000000 000000 000000 000000 000000 000000 000000 000000 000037 000000 000000 0f006e 000000 000000 000000 3800ac 260096 20008b 20008a 260095 3800aa 000000 000000 000000 000000 000000 000000 000000 000000 000000 000000 000000 000000 000000 000000 000000 000000 000000 000000 000000 000000 000000 0f006d 000000 000000 000034 000000 000000 000000 000000 000000 000000 000000 000000 0f006b 000000 000000 9700e6 3200a4 000033 000000 000000 000000 000000 000000 000000 000000 000000 000000 000000 000000 000000 000000 000000 000000 000000 000000 000000 00002f 3100a0 9400ea
t=855 000000 000000 000000 000000 000000 000000 000000 000000 000000 000000 000000 000000 000000 000000 000000 000000 000000 000000 000000 000000 000000 000000 1d007e 230089 34009e 3500a1 23008a 1d007f 000000 000000 100067 000000 000000 000000 000000 000000 000000 000000 000000 00002d 000000 000000 0e0064 000000 000000 000000 3500a3 24008d 1e0081 1e0081 24008b 3500a1 000000 000000 000000 000000 000000 000000 000000 000000 000000 000000 000000 000000 000000 000000 000000 000000 000000 000000 000000 000000 000000 0e0064 000000 000000 00002b 000000 000000 000000 000000 000000 000000 000000 000000 0d0062 000000 000000 9d00ef 2f009b 000029 000000 000000 000000 000000 000000 000000 000000 000000 000000 000000 000000 000000 000000 000000 000000 000000 000000 000000 000026 2e0097 9a00f3
t=860 000000 000000 000000 000000 000000 000000 000000 000000 000000 000000 000000 000000 000000 000000 000000 000000 000000 000000 000000 000000 000000 000000 1b0075 21007f 310095 310097 210081 1b0075 000000 000000 0f005d 000000 000000 000000 000000 000000 000000 000000 000000 000024 000000 000000 0c005b 000000 000000 000000 32009a 220083 1c0078 1c0077 210082 320097 000000 000000 000000 000000 000000 000000 000000 000000 000000 000000 000000 000000 000000 000000 000000 000000 000000 000000 000000 000000 000000 0c005b 000000 000000 000022 000000 000000 000000 000000 000000 000000 000000 000000 0c0058 000000 000000 a400f8 2c0091 000020 000000 000000 000000 000000 000000 000000 000000 000000 000000 000000 000000 000000 000000 000000 000000 000000 000000 000000 00001d 2b008e a000fd
t=865 000000 000000 000000 000000 000000 000000 000000 000000 000000 000000 000000 000000 000000 000000 000000 000000 000000 000000 000000 000000 000000 000000 19006c 1e0076 2e008c 2e008e 1f0078 19006c 000000 000000 0d0054 000000 000000 000000 000000 000000 000000 000000 000000 00001b 000000 000000 0b0052 000000 000000 000000 2f0090 1f007a 1a006f 1a006e 1f0079 2e008e 000000 000000 000000 000000 000000 000000 000000 000000 000000 000000 000000 000000 000000 000000 000000 000000 000000 000000 000000 000000 000000 0b0051 000000 000000 000018 000000 000000 000000 000000 000000 000000 000000 000000 0b004f 000000 000000 a500fb 290088 000017 000000 000000 000000 000000 000000 000000 000000 000000 000000 000000 000000 000000 000000 000000 000000 000000 000000 000000 000013 280084 9d00f7
t=870 000000 000000 000000 000000 000000 000000 000000 000000 000000 000000 000000 000000 000000 000000 000000 000000 000000 000000 000000 000000 000000 000000 170062 1c006d 2b0082 2b0085 1c006e 170063 000000 000000 0c004b 000000 000000 000000 000000 000000 000000 000000 000000 000011 000000 000000 0a0048 000000 000000 000000 2c0087 1d0071 170065 170065 1c006f 2b0085 000000 000000 000000 000000 000000 000000 000000 000000 000000 000000 000000 000000 000000 000000 000000 000000 000000 000000 000000 000000 000000 0a0048 000000 000000 00000f 000000 000000 000000 000000 000000 000000 000000 000000 090046 000000 000000 9f00f2 26007f 00000d 000000 000000 000000 000000 000000 000000 000000 000000 000000 000000 000000 000000 000000 000000 000000 000000 000000 000000 00000a 25007b 9700ee
t=875 000000 000000 000000 000000 000000 000000 000000 000000 000000 000000 000000 000000 000000 000000 000000 000000 000000 000000 000000 000000 000000 000000 150059 190063 270079 28007b 1a0065 150059 000000 000000 0a0041 000000 000000 000000 000000 000000 000000 000000 000000 000008 000000 000000 08003f 000000 000000 000000 29007e 1a0067 15005c 15005c 1a0066 28007b 000000 000000 000000 000000 000000 000000 000000 000000 000000 000000 000000 000000 000000 000000 000000 000000 000000 000000 000000 000000 000000 08003f 000000 000000 000006 000000 000000 000000 000000 000000 000000 000000 000000 08003c 000000 000000 9900e9 240075 000004 000000 000000 000000 000000 000000 000000 000000 000000 000000 000000 000000 000000 000000 000000 000000 000000 000000 000000 000001 220072 9100e4
t=880 000000 000000 000000 000000 000000 000000 000000 000000 000000 000000 000000 000000 000000 000000 000000 000000 000000 000000 000000 000000 000000 000000 120050 17005a 240070 250072 17005c 120050 000000 000000 090038 000000 000000 000000 000000 000000 000000 000000 000000 000000 000000 000000 070036 000000 000000 000000 260074 18005e 130053 130052 18005d 250072 000000 000000 000000 000000 000000 000000 000000 000000 000000 000000 000000 000000 000000 000000 000000 000000 000000 000000 000000 000000 000000 070035 000000 000000 000000 000000 000000 000000 000000 000000 000000 000000 000000 070033 000000 000000 9300df 21006c 000000 000000 000000 000000 000000 000000 000000 000000 000000 000000 000000 000000 000000 000000 000000 000000 000000 000000 000000 000000 200068 8b00db
t=885 000000 000000 000000 000000 000000 000000 000000 000000 000000 000000 000000 000000 000000 000000 000000 000000 000000 000000 000000 000000 000000 000000 100046 150051 210066 220069 150052 100047 000000 000000 07002f 000000 000000 000000 000000 000000 000000 000000 000000 000000 000000 000000 06002c 000000 000000 000000 23006b 160055 110049 110049 150053 220069 000000 000000 000000 000000 000000 000000 000000 000000 000000 000000 000000 000000 000000 000000 000000 000000 000000 000000 000000 000000 000000 06002c 000000 000000 000000 000000 000000 000000 000000 000000 000000 000000 000000 05002a 000000 000000 8d00d6 1e0063 000000 000000 000000 000000 000000 000000 000000 000000 000000 000000 000000 000000 000000 000000 000000 000000 000000 000000 000000 000000 1d005f 8500d2
t=890 000000 000000 000000 000000 000000 000000 000000 000000 000000 000000 000000 000000 000000 000000 000000 000000 000000 000000 000000 000000 000000 000000 0e003d 120048 1e005d 1f005f 130049 0e003d 000000 000000 060025 000000 000000 000000 000000 000000 000000 000000 000000 000000 000000 000000 050023 000000 000000 000000 200062 13004c 0f0040 0f0040 13004a 1f005f 000000 000000 000000 000000 000000 000000 000000 000000 000000 000000 000000 000000 000000 000000 000000 000000 000000 000000 000000 000000 000000 040023 000000 000000 000000 000000 000000 000000 000000 000000 000000 000000 000000 040021 000000 000000 8700cd 1b0059 000000 000000 000000 000000 000000 000000 000000 000000 000000 000000 000000 000000 000000 000000 000000 000000 000000 000000 000000 000000 1a0056 7f00c8
t=895 000000 000000 000000 000000 000000 000000 000000 000000 000000 000000 000000 000000 000000 000000 000000 000000 000000 000000 000000 000000 000000 000000 0c0034 10003e 1b0054 1c0056 100040 0c0034 000000 000000 04001c 000000 000000 000000 000000 000000 000000 000000 000000 000000 000000 000000 03001a 000000 000000 000000 1d0058 110042 0c0037 0c0036 100041 1c0056 000000 000000 000000 000000 000000 000000 000000 000000 000000 000000 000000 000000 000000 000000 000000 000000 000000 000000 000000 000000 000000 03001a 000000 000000 000000 000000 000000 000000 000000 000000 000000 000000 000000 030017 000000 000000 8000c3 180050 000000 000000 000000 000000 000000 000000 000000 000000 000000 000000 000000 000000 000000 000000 000000 000000 000000 000000 000000 000000 17004c 7900bf
t=900 000000 000000 000000 000000 000000 000000 000000 000000 000000 000000 000000 000000 000000 000000 000000 000000 000000 000000 000000 000000 000000 000000 0a002a 0d0035 18004a 19004d 0e0036 0a002b 000000 000000 030013 000000 000000 000000 000000 000000 000000 000000 000000 000000 000000 000000 020010 000000 000000 000000 1a004f 0e0039 0a002d 0a002d 0e0037 19004d 000000 000000 000000 000000 000000 000000 000000 000000 000000 000000 000000 000000 000000 000000 000000 000000 000000 000000 000000 000000 000000 020010 000000 000000 000000 000000 000000 000000 000000 000000 000000 000000 000000 02000e 000000 000000 7a00ba 150047 000000 000000 000000 000000 000000 000000 000000 000000 000000 000000 000000 000000 000000 000000 000000 000000 000000 000000 000000 000000 140043 7300b6
t=905 000000 000000 000000 000000 000000 000000 000000 000000 000000 000000 000000 000000 000000 000000 000000 000000 000000 000000 000000 000000 000000 000000 070021 0b002c 150041 160043 0b002d 070021 000000 000000 010009 000000 000000 000000 000000 000000 000000 000000 000000 000000 000000 000000 010007 000000 000000 000000 170046 0c0030 080024 080024 0c002e 160043 000000 000000 000000 000000 000000 000000 000000 000000 000000 000000 000000 000000 000000 000000 000000 000000 000000 000000 000000 000000 000000 010007 000000 000000 000000 000000 000000 000000 000000 000000 000000 000000 000000 000005 000000 000000 7400b1 12003d 000000 000000 000000 000000 000000 000000 000000 000000 000000 000000 000000 000000 000000 000000 000000 000000 000000 000000 000000 000000 11003a 6d00ac
t=910 000000 000000 000000 000000 000000 000000 000000 000000 000000 000000 000000 000000 000000 000000 000000 000000 000000 000000 000000 000000 000000 000000 050018 080022 120038 13003a 090024 050018 000000 000000 000000 000000 000000 000000 000000 000000 000000 000000 000000 000000 000000 000000 000000 000000 000000 000000 14003c 0a0026 06001b 06001a 090025 13003a 000000 000000 000000 000000 000000 000000 000000 000000 000000 000000 000000 000000 000000 000000 000000 000000 000000 000000 000000 000000 000000 000000 000000 000000 000000 000000 000000 000000 000000 000000 000000 000000 000000 000000 000000 000000 6e00a7 100034 000000 000000 000000 000000 000000 000000 000000 000000 000000 000000 000000 000000 000000 000000 000000 000000 000000 000000 000000 000000 0e0031 6700a3
t=915 000000 000000 000000 000000 000000 000000 000000 000000 000000 000000 000000 000000 000000 000000 000000 000000 000000 000000 000000 000000 000000 000000 03000e 060019 0f002e 100031 06001a 03000f 000000 000000 000000 000000 000000 000000 000000 000000 000000 000000 000000 000000 000000 000000 000000 000000 000000 000000 110033 07001d 040011 040011 07001b 100031 000000 000000 000000 000000 000000 000000 000000 000000 000000 000000 000000 000000 000000 000000 000000 000000 000000 000000 000000 000000 000000 000000 000000 000000 000000 000000 000000 000000 000000 000000 000000 000000 000000 000000 000000 000000 68009e 0d002b 000000 000000 000000 000000 000000 000000 000000 000000 000000 000000 000000 000000 000000 000000 000000 000000 000000 000000 000000 000000 0c0027 62009a
t=920 000000 000000 000000 000000 000000 000000 000000 000000 000000 000000 000000 000000 000000 000000 000000 000000 000000 000000 000000 000000 000000 000000 010005 040010 0c0025 0d0027 040011 010005 000000 000000 000000 000000 000000 000000 000000 000000 000000 000000 000000 000000 000000 000000 000000 000000 000000 000000 0d002a 050014 020008 010008 040012 0d0028 000000 000000 000000 000000 000000 000000 000000 000000 000000 000000 000000 000000 000000 000000 000000 000000 000000 000000 000000 000000 000000 000000 000000 000000 000000 000000 000000 000000 000000 000000 000000 000000 000000 000000 000000 000000 620095 0a0021 000000 000000 000000 000000 000000 000000 000000 000000 000000 000000 000000 000000 000000 000000 000000 000000 000000 000000 000000 000000 09001e 5c0091
t=925 000000 000000 000000 000000 000000 000000 000000 000000 000000 000000 000000 000000 000000 000000 000000 000000 000000 000000 000000 000000 000000 000000 000000 010006 09001c 0a001e 020008 000000 000000 000000 000000 000000 000000 000000 000000 000000 000000 000000 000000 000000 000000 000000 000000 000000 000000 000000 0a0021 02000a 000000 000000 020009 0a001e 000000 000000 000000 000000 000000 000000 000000 000000 000000 000000 000000 000000 000000 000000 000000 000000 000000 000000 000000 000000 000000 000000 000000 000000 000000 000000 000000 000000 000000 000000 000000 000000 000000 000000 000000 000000 5c008b 070018 000000 000000 000000 000000 000000 000000 000000 000000 000000 000000 000000 000000 000000 000000 000000 000000 000000 000000 000000 000000 060015 560087
t=930 000000 000000 000000 000000 000000 000000 000000 000000 000000 000000 000000 000000 000000 000000 000000 000000 000000 000000 000000 000000 000000 000000 000000 000000 060012 060015 000000 000000 000000 000000 000000 000000 000000 000000 000000 000000 000000 000000 000000 000000 000000 000000 000000 000000 000000 000000 070017 000001 000000 000000 000000 070015 000000 000000 000000 000000 000000 000000 000000 000000 000000 000000 000000 000000 000000 000000 000000 000000 000000 000000 000000 000000 000000 000000 000000 000000 000000 000000 000000 000000 000000 000000 000000 000000 000000 000000 000000 000000 550082 04000f 000000 000000 000000 000000 000000 000000 000000 000000 000000 000000 000000 000000 000000 000000 000000 000000 000000 000000 000000 000000 03000b 50007e
t=935 000000 000000 000000 000000 000000 000000 000000 000000 000000 000000 000000 000000 000000 000000 000000 000000 000000 000000 000000 000000 000000 000000 000000 000000 030009 03000b 000000 000000 000000 000000 000000 000000 000000 000000 000000 000000 000000 000000 000000 000000 000000 000000 000000 000000 000000 000000 04000e 000000 000000 000000 000000 03000c 000000 000000 000000 000000 000000 000000 000000 000000 000000 000000 000000 000000 000000 000000 000000 000000 000000 000000 000000 000000 000000 000000 000000 000000 000000 000000 000000 000000 000000 000000 000000 000000 000000 000000 000000 000000 4f0079 010005 000000 000000 000000 000000 000000 000000 000000 000000 000000 000000 000000 000000 000000 000000 000000 000000 000000 000000 000000 000000 000002 4a0075
t=940 000000 000000 000000 000000 000000 000000 000000 000000 000000 000000 000000 000000 000000 000000 000000 000000 000000 000000 000000 000000 000000 000000 000000 000000 000000 000002 000000 000000 000000 000000 000000 000000 000000 000000 000000 000000 000000 000000 000000 000000 000000 000000 000000 000000 000000 000000 010005 000000 000000 000000 000000 000002 000000 000000 000000 000000 000000 000000 000000 000000 000000 000000 000000 000000 000000 000000 000000 000000 000000 000000 000000 000000 000000 000000 000000 000000 000000 000000 000000 000000 000000 000000 000000 000000 000000 000000 000000 000000 49006f 000000 000000 000000 000000 000000 000000 000000 000000 000000 000000 000000 000000 000000 000000 000000 000000 000000 000000 000000 000000 000000 000000 44006b
t=945 000000 000000 000000 000000 000000 000000 000000 000000 000000 000000 000000 000000 000000 000000 000000 000000 000000 000000 000000 000000 000000 000000 000000 000000 000000 000000 000000 000000 000000 000000 000000 000000 000000 000000 000000 000000 000000 000000 000000 000000 000000 000000 000000 000000 000000 000000 000000 000000 000000 000000 000000 000000 000000 000000 000000 000000 000000 000000 000000 000000 000000 000000 000000 000000 000000 000000 000000 000000 000000 000000 000000 000000 000000 000000 000000 000000 000000 000000 000000 000000 000000 000000 000000 000000 000000 000000 000000 000000 430066 000000 000000 000000 000000 000000 000000 000000 000000 000000 000000 000000 000000 000000 000000 000000 000000 000000 000000 000000 000000 000000 000000 3e0062
t=950 000000 000000 000000 000000 000000 000000 000000 000000 000000 000000 000000 000000 000000 000000 000000 000000 000000 000000 000000 000000 000000 000000 000000 000000 000000 000000 000000 000000 000000 000000 000000 000000 000000 000000 000000 000000 000000 000000 000000 000000 000000 000000 000000 000000 000000 000000 000000 000000 000000 000000 000000 000000 000000 000000 000000 000000 000000 000000 000000 000000 000000 000000 000000 000000 000000 000000 000000 000000 000000 000000 000000 000000 000000 000000 000000 000000 000000 000000 000000 000000 000000 000000 000000 000000 000000 000000 000000 000000 3d005d 000000 000000 000000 000000 000000 000000 000000 000000 000000 000000 000000 000000 000000 000000 000000 000000 000000 000000 000000 000000 000000 000000 380059
t=955 000000 000000 000000 000000 000000 000000 000000 000000 000000 000000 000000 000000 000000 000000 000000 000000 000000 000000 000000 000000 000000 000000 000000 000000 000000 000000 000000 000000 000000 000000 000000 000000 000000 000000 000000 000000 000000 000000 000000 000000 000000 000000 000000 000000 000000 000000 000000 000000 000000 000000 000000 000000 000000 000000 000000 000000 000000 000000 000000 000000 000000 000000 000000 000000 000000 000000 000000 000000 000000 000000 000000 000000 000000 000000 000000 000000 000000 000000 000000 000000 000000 000000 000000 000000 000000 000000 000000 000000 370053 000000 000000 000000 000000 000000 000000 000000 000000 000000 000000 000000 000000 000000 000000 000000 000000 000000 000000 000000 000000 000000 000000 32004f
t=960 000000 000000 000000 000000 000000 000000 000000 000000 000000 000000 000000 000000 000000 000000 000000 000000 000000 000000 000000 000000 000000 000000 000000 000000 000000 000000 000000 000000 000000 000000 000000 000000 000000 000000 000000 000000 000000 000000 000000 000000 000000 000000 000000 000000 000000 000000 000000 000000 000000 000000 000000 000000 000000 000000 000000 000000 000000 000000 000000 000000 000000 000000 000000 000000 000000 000000 000000 000000 000000 000000 000000 000000 000000 000000 000000 000000 000000 000000 000000 000000 000000 000000 000000 000000 000000 000000 000000 000000 31004a 000000 000000 000000 000000 000000 000000 000000 000000 000000 000000 000000 000000 000000 000000 000000 000000 000000 000000 000000 000000 000000 000000 2c0046
t=965 000000 000000 000000 000000 000000 000000 000000 000000 000000 000000 000000 000000 000000 000000 000000 000000 000000 000000 000000 000000 000000 000000 000000 000000 000000 000000 000000 000000 000000 000000 000000 000000 000000 000000 000000 000000 000000 000000 000000 000000 000000 000000 000000 000000 000000 000000 000000 000000 000000 000000 000000 000000 000000 000000 000000 000000 000000 000000 000000 000000 000000 000000 000000 000000 000000 000000 000000 000000 000000 000000 000000 000000 000000 000000 000000 000000 000000 000000 000000 000000 000000 000000 000000 000000 000000 000000 000000 000000 2a0041 000000 000000 000000 000000 000000 000000 000000 000000 000000 000000 000000 000000 000000 000000 000000 000000 000000 000000 000000 000000 000000 000000 26003d
t=970 000000 000000 000000 000000 000000 000000 000000 000000 000000 000000 000000 000000 000000 000000 000000 000000 000000 000000 000000 000000 000000 000000 000000 000000 000000 000000 000000 000000 000000 000000 000000 000000 000000 000000 000000 000000 000000 000000 000000 000000 000000 000000 000000 000000 000000 000000 000000 000000 000000 000000 000000 000000 000000 000000 000000 000000 000000 000000 000000 000000 000000 000000 000000 000000 000000 000000 000000 000000 000000 000000 000000 000000 000000 000000 000000 000000 000000 000000 000000 000000 000000 000000 000000 000000 000000 000000 000000 000000 240037 000000 000000 000000 000000 000000 000000 000000 000000 000000 000000 000000 000000 000000 000000 000000 000000 000000 000000 000000 000000 000000 000000 200033
t=975 000000 000000 000000 000000 000000 000000 000000 000000 000000 000000 000000 000000 000000 000000 000000 000000 000000 000000 000000 000000 000000 000000 000000 000000 000000 000000 000000 000000 000000 000000 000000 000000 000000 000000 000000 000000 000000 000000 000000 000000 000000 000000 000000 000000 000000 000000 000000 000000 000000 000000 000000 000000 000000 000000 000000 000000 000000 000000 000000 000000 000000 000000 000000 000000 000000 000000 000000 000000 000000 000000 000000 000000 000000 000000 000000 000000 000000 000000 000000 000000 000000 000000 000000 000000 000000 000000 000000 000000 1e002e 000000 000000 000000 000000 000000 000000 000000 000000 000000 000000 000000 000000 000000 000000 000000 000000 000000 000000 000000 000000 000000 000000 1a002a
t=980 000000 000000 000000 000000 000000 000000 000000 000000 000000 000000 000000 000000 000000 000000 000000 000000 000000 000000 000000 000000 000000 000000 000000 000000 000000 000000 000000 000000 000000 000000 000000 000000 000000 000000 000000 000000 000000 000000 000000 000000 000000 000000 000000 000000 000000 000000 000000 000000 000000 000000 000000 000000 000000 000000 000000 000000 000000 000000 000000 000000 000000 000000 000000 000000 000000 000000 000000 000000 000000 000000 000000 000000 000000 000000 000000 000000 000000 000000 000000 000000 000000 000000 000000 000000 000000 000000 000000 000000 180025 000000 000000 000000 000000 000000 000000 000000 000000 000000 000000 000000 000000 000000 000000 000000 000000 000000 000000 000000 000000 000000 000000 150021
t=985 000000 000000 000000 000000 000000 000000 000000 000000 000000 000000 000000 000000 000000 000000 000000 000000 000000 000000 000000 000000 000000 000000 000000 000000 000000 000000 000000 000000 000000 000000 000000 000000 000000 000000 000000 000000 000000 000000 000000 000000 000000 000000 000000 000000 000000 000000 000000 000000 000000 000000 000000 000000 000000 000000 000000 000000 000000 000000 000000 000000 000000 000000 000000 000000 000000 000000 000000 000000 000000 000000 000000 000000 000000 000000 000000 000000 000000 000000 000000 000000 000000 000000 000000 000000 000000 000000 000000 000000 12001b 000000 000000 000000 000000 000000 000000 000000 000000 000000 000000 000000 000000 000000 000000 000000 000000 000000 000000 000000 000000 000000 000000 0f0017
t=990 000000 000000 000000 000000 000000 000000 000000 000000 000000 000000 000000 000000 000000 000000 000000 000000 000000 000000 000000 000000 000000 000000 000000 000000 000000 000000 000000 000000 000000 000000 000000 000000 000000 000000 000000 000000 000000 000000 000000 000000 000000 000000 000000 000000 000000 000000 000000 000000 000000 000000 000000 000000 000000 000000 000000 000000 000000 000000 000000 000000 000000 000000 000000 000000 000000 000000 000000 000000 000000 000000 000000 000000 000000 000000 000000 000000 000000 000000 000000 000000 000000 000000 000000 000000 000000 000000 000000 000000 0c0012 000000 000000 000000 000000 000000 000000 000000 000000 000000 000000 000000 000000 000000 000000 000000 000000 000000 000000 000000 000000 000000 000000 09000e
t=995 000000 000000 000000 000000 000000 000000 000000 000000 000000 000000 000000 000000 000000 000000 000000 000000 000000 000000 000000 000000 000000 000000 000000 000000 000000 000000 000000 000000 000000 000000 000000 000000 000000 000000 000000 000000 000000 000000 000000 000000 000000 000000 000000 000000 000000 000000 000000 000000 000000 000000 000000 000000 000000 000000 000000 000000 000000 000000 000000 000000 000000 000000 000000 000000 000000 000000 000000 000000 000000 000000 000000 000000 000000 000000 000000 000000 000000 000000 000000 000000 000000 000000 000000 000000 000000 000000 000000 000000 060009 000000 000000 000000 000000 000000 000000 000000 000000 000000 000000 000000 000000 000000 000000 000000 000000 000000 000000 000000 000000 000000 000000 030005
t=1000 000000 000000 000000 000000 000000 000000 000000 000000 000000 000000 000000 000000 000000 000000 000000 000000 000000 000000 000000 000000 000000 000000 000000 000000 000000 000000 000000 000000 000000 000000 000000 000000 000000 000000 000000 000000 000000 000000 000000 000000 000000 000000 000000 000000 000000 000000 000000 000000 000000 000000 000000 000000 000000 000000 000000 000000 000000 000000 000000 000000 000000 000000 000000 000000 000000 000000 000000 000000 000000 000000 000000 000000 000000 000000 000000 000000 000000 000000 000000 000000 000000 000000 000000 000000 000000 000000 000000 000000 000000 000000 000000 000000 000000 000000 000000 000000 000000 000000 000000 000000 000000 000000 000000 000000 000000 000000 000000 000000 000000 000000 000000 000000
